lad_name,lad_code,region_name,region_code,country,Flexatwork,SatisfactoryHrs,Progression,EmployeeInvolv,NotLowPay,JobTraining,EconActive,Employed,Fulltime,EmployEdu,Managers,Home_outright,Home_social,Home_private,wpay,Sandwich,childcare,adultcare,domesticUKAV,LTD,councillors,Participation,VotedGE,L4Qual,LifeExp,NotDisabled
Hartlepool,E06000001,North East,E12000001,England,1.53,1.07,1.05,1.33,0.86,1.70,0.85,0.87,0.55,2.87,0.98,1.00,1.11,1.04,0.91,1.15,1.48,1.45,16.31,0.18,0.38,0.47,0.91,1.09,1.06,0.96
Middlesbrough,E06000002,North East,E12000001,England,2.81,1.16,0.97,1.21,0.88,1.12,0.84,0.88,0.58,2.59,0.98,1.03,1.12,0.91,0.83,1.15,1.48,1.55,2.22,0.20,0.64,1.72,2.17,1.02,1.06,0.96
Redcar and Cleveland,E06000003,North East,E12000001,England,2.97,1.05,0.96,0.97,0.91,1.05,0.86,0.89,0.54,2.92,0.97,1.00,1.10,1.04,1.04,1.15,1.48,1.53,1.78,0.22,0.55,0.61,0.99,1.11,1.05,0.96
Stockton-on-Tees,E06000004,North East,E12000001,England,0.63,1.21,0.82,0.87,0.99,1.22,0.87,0.89,0.59,2.77,0.93,1.02,1.10,1.01,0.79,1.15,1.48,1.48,3.99,0.21,0.70,0.70,1.20,1.05,1.04,0.97
Darlington,E06000005,North East,E12000001,England,0.54,1.09,1.30,1.10,0.85,1.08,0.87,0.88,0.60,2.53,0.93,1.03,1.13,0.96,0.77,1.15,1.48,1.41,1.50,0.30,0.72,1.17,1.03,1.05,1.04,0.97
Halton,E06000006,North West,E12000002,England,1.20,1.04,1.17,0.90,1.05,1.66,0.88,0.90,0.62,3.23,0.97,1.02,1.11,0.94,0.88,2.43,1.29,1.47,2.19,0.21,0.74,1.03,0.97,1.13,1.05,0.96
Warrington,E06000007,North West,E12000002,England,1.50,1.14,1.03,1.24,1.00,0.83,0.89,0.90,0.64,3.01,0.90,1.05,1.08,0.92,0.86,2.43,1.29,1.46,0.46,0.24,0.71,3.12,0.98,1.02,1.04,0.97
Blackburn with Darwen,E06000008,North West,E12000002,England,4.93,1.10,0.77,0.75,0.95,1.13,0.79,0.79,0.59,2.82,0.94,0.99,1.07,1.01,0.89,2.43,1.29,1.32,2.36,0.20,0.38,0.46,1.09,1.11,1.05,0.97
Blackpool,E06000009,North West,E12000002,England,1.48,1.09,0.88,0.94,0.90,0.95,0.89,0.93,0.68,2.89,1.03,1.04,1.02,1.00,0.96,2.43,1.29,1.39,1.47,0.33,0.83,1.11,0.93,1.14,1.07,0.97
"Kingston upon Hull, City of",E06000010,Yorkshire and the Humber,E12000003,England,0.97,0.95,1.11,0.95,0.74,1.43,0.86,0.87,0.56,2.75,0.98,1.01,1.08,0.95,0.89,1.51,3.38,1.43,0.99,0.23,1.04,0.86,1.16,1.12,1.06,0.96
East Riding of Yorkshire,E06000011,Yorkshire and the Humber,E12000003,England,1.17,1.03,0.99,1.16,0.88,1.00,0.87,0.87,0.55,2.81,0.91,1.05,1.11,0.97,0.82,1.51,3.38,1.42,1.57,0.25,0.56,0.72,0.92,1.07,1.04,0.97
North East Lincolnshire,E06000012,Yorkshire and the Humber,E12000003,England,0.92,1.29,1.04,1.18,0.74,1.05,0.85,0.85,0.50,3.31,0.94,1.04,1.07,1.04,0.76,1.51,3.38,1.53,1.68,0.26,0.45,1.40,0.98,1.14,1.05,0.96
North Lincolnshire,E06000013,Yorkshire and the Humber,E12000003,England,1.74,1.25,1.11,1.01,0.81,1.80,0.85,0.85,0.54,3.67,0.94,1.03,1.11,0.95,0.77,1.51,3.38,1.46,1.36,0.26,0.54,0.47,1.17,1.12,1.05,0.95
York,E06000014,Yorkshire and the Humber,E12000003,England,1.55,0.98,1.24,1.33,0.94,1.87,0.89,0.89,0.59,1.74,0.89,1.06,1.09,0.97,0.91,1.51,3.38,1.36,2.70,0.27,0.62,1.17,0.96,1.03,1.05,0.96
Derby,E06000015,East Midlands,E12000004,England,1.45,1.06,0.98,1.01,0.90,1.05,0.84,0.85,0.59,2.60,0.89,1.05,1.11,0.91,0.91,3.69,2.24,1.40,1.02,0.28,0.50,0.51,0.83,0.99,1.05,0.96
Leicester,E06000016,East Midlands,E12000004,England,1.77,1.03,1.03,1.28,0.96,1.16,0.81,0.81,0.59,2.13,0.88,1.05,1.08,0.94,0.90,3.69,2.24,1.35,1.39,0.25,0.86,0.89,0.91,1.02,1.06,0.96
Rutland,E06000017,East Midlands,E12000004,England,0.37,1.17,0.93,1.01,1.12,1.20,0.89,0.90,0.59,2.36,0.93,1.06,1.16,0.94,0.72,3.69,2.24,1.41,1.38,0.32,0.59,0.00,0.94,1.05,1.02,0.98
Nottingham,E06000018,East Midlands,E12000004,England,0.98,1.13,0.87,1.35,0.91,1.22,0.88,0.89,0.64,1.89,0.95,1.03,1.08,0.97,0.95,3.69,2.24,1.42,1.44,0.27,1.04,1.01,0.97,1.05,1.06,0.96
"Herefordshire, County of",E06000019,London,E12000007,England,1.42,1.23,0.92,1.06,0.87,0.98,0.85,0.86,0.54,2.88,0.93,1.05,1.11,0.92,0.94,2.12,1.49,1.49,1.45,0.32,0.39,0.87,1.03,1.09,1.05,0.97
Telford and Wrekin,E06000020,West Midlands,E12000005,England,1.93,1.11,0.98,1.26,1.03,1.03,0.86,0.86,0.60,2.96,0.89,1.03,1.09,0.98,0.79,13.60,1.48,1.49,1.86,0.27,0.69,0.82,1.01,1.06,1.05,0.96
Stoke-on-Trent,E06000021,West Midlands,E12000005,England,1.61,1.03,1.30,1.18,0.86,1.45,0.84,0.85,0.60,2.85,1.03,1.03,1.08,0.95,0.91,13.60,1.48,1.37,4.32,0.23,0.76,1.19,1.28,1.14,1.05,0.95
Bath and North East Somerset,E06000022,South West,E12000009,England,0.80,1.06,0.79,0.91,0.95,1.05,0.88,0.88,0.55,1.91,0.90,1.07,1.10,0.92,0.75,3.60,1.94,1.48,1.28,0.29,0.64,0.97,1.05,1.04,1.05,0.95
"Bristol, City of",E06000023,South West,E12000009,England,1.88,1.09,1.15,1.08,1.26,0.89,0.90,0.91,0.65,1.94,0.97,1.06,1.13,0.90,0.93,3.60,1.94,1.48,1.70,0.27,0.71,0.89,1.03,1.06,1.05,0.96
North Somerset,E06000024,South West,E12000009,England,2.24,1.09,1.43,1.05,0.90,1.11,0.87,0.87,0.55,2.55,0.85,1.07,1.15,0.95,0.85,3.60,1.94,1.38,1.29,0.32,0.43,1.49,1.22,1.03,1.05,0.95
South Gloucestershire,E06000025,South West,E12000009,England,0.54,1.04,0.90,0.90,0.92,1.18,0.89,0.89,0.56,2.90,0.87,1.06,1.18,0.91,0.84,3.60,1.94,1.46,4.38,0.24,0.65,0.98,0.93,1.00,1.04,0.96
Plymouth,E06000026,South West,E12000009,England,1.44,1.10,0.99,0.98,1.27,1.30,0.86,0.86,0.55,2.43,0.89,1.07,1.10,0.92,0.93,3.60,1.94,1.44,1.89,0.26,0.78,0.54,0.94,1.04,1.05,0.95
Torbay,E06000027,South West,E12000009,England,1.59,1.06,0.91,0.80,0.93,1.18,0.87,0.88,0.58,2.52,0.95,1.07,1.07,0.96,0.85,3.60,1.94,1.34,2.27,0.29,0.64,1.06,0.84,1.11,1.05,0.97
Swindon,E06000030,South West,E12000009,England,3.36,0.98,0.85,0.84,0.99,1.01,0.86,0.86,0.59,3.35,0.89,1.06,1.14,0.93,0.78,3.60,1.94,1.36,1.64,0.27,0.39,1.14,0.93,1.03,1.05,0.96
Peterborough,E06000031,East of England,E12000006,England,0.86,1.14,0.85,0.95,0.97,1.13,0.85,0.85,0.61,3.17,0.88,1.05,1.12,0.95,0.89,1.79,1.77,1.44,3.85,0.24,0.40,1.14,0.96,1.03,1.05,0.96
Luton,E06000032,East of England,E12000006,England,1.65,1.05,1.11,1.02,1.00,0.67,0.79,0.79,0.59,3.26,0.94,1.05,1.14,0.93,0.86,1.79,1.77,1.44,1.74,0.25,0.60,0.78,1.11,1.03,1.05,0.97
Southend-on-Sea,E06000033,East of England,E12000006,England,1.33,1.12,0.85,1.18,0.90,1.50,0.85,0.86,0.59,2.63,0.85,1.07,1.09,0.99,0.88,1.79,1.77,1.49,2.40,0.28,0.38,1.37,1.84,1.09,1.05,0.96
Thurrock,E06000034,South East,E12000008,England,1.38,1.16,1.12,0.84,0.90,0.99,0.85,0.85,0.59,3.55,0.97,1.02,1.15,0.97,0.91,1.21,1.62,1.46,0.80,0.34,0.48,1.67,1.00,1.09,1.05,0.97
Medway,E06000035,South East,E12000008,England,0.71,1.17,0.92,0.85,0.90,1.13,0.85,0.85,0.58,2.84,0.93,1.03,1.13,0.99,0.79,1.21,1.62,1.55,1.52,0.31,0.40,1.27,0.87,1.09,1.05,0.97
Bracknell Forest,E06000036,South East,E12000008,England,0.71,1.02,0.98,0.94,0.97,1.20,0.89,0.89,0.66,2.93,0.87,1.06,1.13,0.92,0.84,1.21,1.62,1.53,4.98,0.30,0.95,0.50,0.92,1.01,1.04,0.97
West Berkshire,E06000037,South East,E12000008,England,0.85,1.13,1.22,1.14,0.78,0.99,0.86,0.86,0.60,3.27,0.83,1.06,1.10,0.94,0.75,1.21,1.62,1.52,2.76,0.26,0.34,0.67,1.03,0.96,1.05,0.97
Reading,E06000038,South East,E12000008,England,1.19,1.07,0.90,0.98,0.90,1.08,0.87,0.87,0.66,2.51,0.87,1.05,1.14,0.95,0.83,1.21,1.62,1.51,2.67,0.26,0.71,0.58,0.84,1.01,1.04,0.97
Slough,E06000039,South East,E12000008,England,4.46,1.06,0.88,0.94,0.77,1.03,0.83,0.82,0.63,3.09,0.89,1.03,1.12,0.95,0.88,1.21,1.62,1.44,1.80,0.24,0.35,2.01,1.28,1.03,1.05,0.98
Windsor and Maidenhead,E06000040,South East,E12000008,England,1.06,1.04,1.13,1.27,0.94,0.94,0.86,0.86,0.64,2.69,0.86,1.05,1.11,0.94,0.74,1.21,1.62,1.51,1.39,0.30,0.64,1.88,0.94,0.99,1.04,0.97
Wokingham,E06000041,South East,E12000008,England,1.17,1.14,0.91,0.86,0.88,0.80,0.86,0.87,0.61,3.04,0.80,1.06,1.14,0.92,0.74,1.21,1.62,1.40,3.72,0.28,0.59,0.70,1.13,0.95,1.04,0.97
Milton Keynes,E06000042,South East,E12000008,England,1.04,1.19,0.87,1.15,0.95,0.83,0.86,0.86,0.63,2.71,0.86,1.04,1.15,0.93,0.80,1.21,1.62,1.34,2.39,0.30,0.73,0.74,0.88,1.01,1.05,0.96
Brighton and Hove,E06000043,South East,E12000008,England,1.27,1.03,0.80,0.82,0.87,1.28,0.90,0.91,0.67,1.77,0.95,1.06,1.03,0.98,0.84,1.21,1.62,1.36,2.14,0.31,1.08,1.76,0.95,1.09,1.05,0.96
Portsmouth,E06000044,South East,E12000008,England,0.54,1.12,1.17,0.97,0.84,1.26,0.88,0.89,0.61,2.45,0.95,1.08,1.14,0.91,0.85,1.21,1.62,1.42,2.57,0.26,0.31,1.17,0.90,1.08,1.05,0.96
Southampton,E06000045,South East,E12000008,England,3.06,1.14,1.11,0.96,0.98,1.07,0.88,0.89,0.62,2.01,0.97,1.06,1.12,0.91,0.88,1.21,1.62,1.48,2.91,0.25,0.82,2.69,1.12,1.06,1.05,0.96
Isle of Wight,E06000046,South East,E12000008,England,1.15,1.07,0.70,0.85,0.94,0.89,0.88,0.89,0.57,2.58,0.92,1.04,1.07,0.97,0.89,1.21,1.62,1.42,3.55,0.30,0.26,3.19,1.11,1.07,1.05,0.97
County Durham,E06000047,North East,E12000001,England,1.08,1.08,1.11,0.91,1.10,0.82,0.88,0.89,0.61,2.27,1.00,1.01,1.11,1.01,0.88,1.15,1.48,1.43,2.14,0.25,0.56,0.82,0.97,1.11,1.05,0.96
Cheshire East,E06000049,North West,E12000002,England,1.75,1.09,1.06,1.24,0.95,0.95,0.86,0.87,0.60,2.69,0.87,1.07,1.09,0.91,0.81,2.43,1.29,1.38,2.55,0.29,0.82,1.22,0.99,1.00,1.04,0.96
Cheshire West and Chester,E06000050,North West,E12000002,England,0.96,1.09,1.06,1.24,0.95,2.11,0.87,0.87,0.59,2.65,0.89,1.05,1.10,0.95,0.78,2.43,1.29,1.43,1.57,0.28,0.52,1.21,1.03,1.00,1.05,0.96
Shropshire,E06000051,West Midlands,E12000005,England,0.70,1.10,0.71,0.86,1.05,2.26,0.85,0.86,0.54,2.52,0.93,1.05,1.10,0.96,0.86,13.60,1.48,1.41,1.88,0.26,0.35,0.97,0.96,1.09,1.04,0.96
Cornwall,E06000052,South West,E12000009,England,1.11,1.11,1.06,0.96,0.98,1.04,0.86,0.86,0.54,2.44,0.96,1.05,1.07,0.96,0.86,3.60,1.94,1.46,1.66,0.30,0.36,0.85,1.03,1.13,1.05,0.96
Isles of Scilly,E06000053,South West,E12000009,England,#NULL!,1.11,1.06,0.96,0.98,#NULL!,0.86,0.85,0.65,3.21,1.05,1.14,1.08,0.92,#NULL!,3.60,1.94,0.89,#NULL!,0.30,0.23,#NULL!,#NULL!,1.21,#NULL!,0.98
Wiltshire,E06000054,South West,E12000009,England,1.14,1.10,1.04,0.99,0.98,1.26,0.85,0.85,0.55,2.88,0.86,1.07,1.09,0.92,0.92,3.60,1.94,1.44,2.17,0.27,0.34,1.04,1.00,1.02,1.04,0.96
Bedford,E06000055,East of England,E12000006,England,0.77,1.18,0.86,0.93,0.91,0.81,0.86,0.87,0.63,2.74,0.91,1.06,1.14,0.92,0.83,1.79,1.77,1.45,2.57,0.29,0.59,1.17,1.24,1.08,1.05,0.96
Central Bedfordshire,E06000056,East of England,E12000006,England,2.07,1.18,0.86,0.93,0.91,1.81,0.87,0.88,0.60,3.14,0.89,1.05,1.12,0.91,0.83,1.79,1.77,1.42,4.25,0.29,0.54,1.67,1.02,1.06,1.04,0.96
Northumberland,E06000057,North East,E12000001,England,0.72,1.12,1.04,1.09,1.01,1.06,0.88,0.90,0.59,2.57,0.97,1.04,1.08,0.99,0.78,1.15,1.48,1.41,1.40,0.28,0.56,0.71,0.97,1.09,1.05,0.97
"Bournemouth, Christchurch and Poole",E06000058,South West,E12000009,England,1.84,1.18,0.75,0.84,1.05,1.09,0.87,0.87,0.58,2.31,0.88,1.09,1.08,0.95,0.85,3.60,1.94,1.43,0.91,0.26,0.69,0.58,1.03,1.03,1.04,0.96
Dorset,E06000059,South West,E12000009,England,0.85,1.06,0.69,0.85,1.00,1.16,0.85,0.85,0.53,2.40,0.87,1.06,1.06,0.95,0.91,3.60,1.94,1.46,1.88,0.28,0.44,0.82,0.95,1.02,1.05,0.97
Buckinghamshire,E06000060,South East,E12000008,England,0.59,1.12,0.85,0.92,1.03,1.26,0.84,0.85,0.60,2.89,0.87,1.06,1.13,0.93,0.87,1.21,1.62,1.48,2.21,0.28,0.40,0.82,0.87,1.00,1.04,0.97
North Northamptonshire,E06000061,East Midlands,E12000004,England,1.66,1.10,1.00,0.76,0.91,0.88,0.87,0.87,0.60,3.10,0.93,1.05,1.15,0.91,0.86,3.69,2.24,1.36,1.94,0.29,0.30,1.20,0.90,1.12,1.04,0.96
West Northamptonshire,E06000062,North West,E12000002,England,0.77,1.10,1.00,0.76,0.91,1.09,0.88,0.88,0.62,3.06,0.92,1.05,1.13,0.92,0.80,2.43,1.29,1.41,2.37,0.29,0.58,1.03,0.90,1.07,1.04,0.97
Cambridge,E07000008,East of England,E12000006,England,0.66,1.07,0.73,0.84,0.85,1.40,0.92,0.92,0.75,1.31,0.95,1.10,1.09,0.89,0.86,1.79,1.77,1.43,0.64,0.30,0.68,1.02,0.88,1.00,1.05,0.96
East Cambridgeshire,E07000009,East of England,E12000006,England,1.21,1.07,0.73,0.84,0.85,1.16,0.86,0.86,0.57,2.13,0.88,1.05,1.15,0.92,0.85,1.79,1.77,1.38,2.78,0.26,1.00,1.08,1.20,1.04,1.05,0.96
Fenland,E07000010,East of England,E12000006,England,1.30,1.07,0.73,0.84,0.85,1.98,0.84,0.85,0.58,3.52,0.95,1.04,1.17,0.97,0.77,1.79,1.77,1.33,2.76,0.22,0.43,1.00,0.93,1.11,1.05,0.96
Huntingdonshire,E07000011,East of England,E12000006,England,0.99,1.07,0.73,0.84,0.85,0.69,0.87,0.87,0.61,2.77,0.87,1.06,1.16,0.91,0.89,1.79,1.77,1.29,2.00,0.24,0.44,0.90,1.02,1.02,1.04,0.96
South Cambridgeshire,E07000012,East of England,E12000006,England,1.44,1.07,0.73,0.84,0.85,1.18,0.87,0.87,0.60,1.92,0.88,1.05,1.14,0.88,0.78,1.79,1.77,1.48,1.14,0.25,0.73,0.68,0.87,0.99,1.03,0.96
Allerdale,E07000026,North West,E12000002,England,0.46,1.20,0.78,0.90,0.90,0.94,0.87,0.88,0.53,3.24,0.95,1.01,1.14,0.94,0.78,2.43,1.29,1.59,1.52,0.26,0.44,1.11,0.71,1.08,1.05,0.97
Barrow-in-Furness,E07000027,North West,E12000002,England,1.23,1.20,0.78,0.90,0.90,0.61,0.87,0.88,0.54,4.31,0.84,1.05,1.07,1.01,0.69,2.43,1.29,1.54,2.82,0.25,0.67,1.60,1.00,0.92,1.05,0.96
Carlisle,E07000028,North West,E12000002,England,0.68,1.20,0.78,0.90,0.90,0.81,0.87,0.88,0.53,3.12,0.99,1.04,1.10,0.97,0.77,2.43,1.29,1.35,2.24,0.25,0.44,0.00,0.81,1.10,1.05,0.96
Copeland,E07000029,North West,E12000002,England,0.58,1.20,0.78,0.90,0.90,0.64,0.88,0.90,0.57,4.44,0.89,1.01,1.15,0.95,0.85,2.43,1.29,1.59,1.60,0.28,0.44,1.88,0.87,0.97,1.05,0.97
Eden,E07000030,North West,E12000002,England,5.13,1.20,0.78,0.90,0.90,1.26,0.86,0.86,0.51,2.41,0.99,1.03,1.14,0.93,0.83,2.43,1.29,1.45,#NULL!,0.27,0.67,1.59,2.09,1.13,1.05,0.97
South Lakeland,E07000031,North West,E12000002,England,0.85,1.20,0.78,0.90,0.90,1.68,0.87,0.88,0.55,2.26,0.95,1.06,1.11,0.91,0.87,2.43,1.29,1.46,3.36,0.30,0.67,0.43,0.90,1.05,1.06,0.96
Amber Valley,E07000032,East Midlands,E12000004,England,1.01,1.10,0.92,1.02,0.85,0.67,0.86,0.86,0.54,2.91,0.89,1.02,1.14,0.95,0.92,3.69,2.24,1.55,4.16,0.32,0.91,0.88,0.99,1.04,1.04,0.96
Bolsover,E07000033,East Midlands,E12000004,England,2.99,1.10,0.92,1.02,0.85,2.10,0.88,0.88,0.57,3.11,0.96,1.00,1.13,0.99,0.78,3.69,2.24,1.73,3.11,0.20,1.31,0.38,0.99,1.11,1.05,0.96
Chesterfield,E07000034,East Midlands,E12000004,England,1.29,1.10,0.92,1.02,0.85,0.99,0.87,0.88,0.56,2.64,0.93,1.05,1.07,0.91,0.77,3.69,2.24,1.40,1.37,0.23,1.00,0.70,1.00,1.06,1.05,0.97
Derbyshire Dales,E07000035,East Midlands,E12000004,England,3.63,1.10,0.92,1.02,0.85,1.59,0.85,0.86,0.51,2.55,0.93,1.03,1.11,0.94,0.90,3.69,2.24,1.54,1.82,0.26,0.31,1.44,0.88,1.04,1.05,0.96
Erewash,E07000036,East Midlands,E12000004,England,0.69,1.10,0.92,1.02,0.85,1.12,0.88,0.88,0.58,2.63,0.90,1.04,1.11,0.97,0.78,3.69,2.24,1.39,1.73,0.32,0.47,0.67,0.90,1.04,1.05,0.96
High Peak,E07000037,East of England,E12000006,England,0.85,1.10,0.92,1.02,0.85,0.65,0.89,0.90,0.58,2.54,0.95,1.04,1.15,0.94,0.92,1.79,1.77,1.29,1.57,0.28,0.72,1.08,0.95,1.10,1.05,0.96
North East Derbyshire,E07000038,East Midlands,E12000004,England,1.59,1.10,0.92,1.02,0.85,2.44,0.87,0.88,0.53,2.84,0.91,1.04,1.08,0.93,0.83,3.69,2.24,1.39,2.36,0.23,0.56,1.25,1.07,1.06,1.04,0.97
South Derbyshire,E07000039,East Midlands,E12000004,England,1.16,1.10,0.92,1.02,0.85,0.91,0.87,0.87,0.58,2.78,0.87,1.04,1.13,0.98,0.89,3.69,2.24,1.45,5.20,0.30,0.50,1.87,1.07,1.03,1.05,0.96
East Devon,E07000040,South West,E12000009,England,1.00,1.10,1.01,0.88,0.97,1.44,0.84,0.85,0.53,2.38,0.89,1.07,1.09,0.95,0.80,3.60,1.94,1.35,1.28,0.28,0.54,0.78,0.95,1.04,1.05,0.96
Exeter,E07000041,South West,E12000009,England,1.49,1.10,1.01,0.88,0.97,1.23,0.89,0.90,0.61,1.70,0.96,1.09,1.06,0.96,0.81,3.60,1.94,1.32,1.79,0.23,0.86,1.27,0.98,1.07,1.06,0.96
Mid Devon,E07000042,South West,E12000009,England,1.34,1.10,1.01,0.88,0.97,2.48,0.86,0.86,0.53,2.49,0.96,1.06,1.09,0.93,0.79,3.60,1.94,1.41,1.76,0.25,0.56,1.96,1.13,1.14,1.05,0.97
North Devon,E07000043,South West,E12000009,England,1.38,1.10,1.01,0.88,0.97,2.43,0.86,0.87,0.53,2.74,0.96,1.04,1.11,0.96,0.89,3.60,1.94,1.46,1.04,0.28,0.50,0.65,1.22,1.12,1.04,0.97
South Hams,E07000044,South West,E12000009,England,0.77,1.10,1.01,0.88,0.97,1.51,0.85,0.85,0.52,2.22,0.92,1.05,1.06,0.95,0.87,3.60,1.94,1.48,7.33,0.29,0.63,1.74,0.83,1.05,1.04,0.97
Teignbridge,E07000045,South West,E12000009,England,0.86,1.10,1.01,0.88,0.97,1.99,0.87,0.87,0.55,2.39,0.93,1.07,1.09,0.95,0.86,3.60,1.94,1.60,2.59,0.27,0.31,1.12,0.86,1.08,1.06,0.96
Torridge,E07000046,South West,E12000009,England,0.00,1.10,1.01,0.88,0.97,#NULL!,0.86,0.87,0.50,2.96,0.98,1.04,1.12,0.95,0.83,3.60,1.94,1.53,#NULL!,0.27,0.38,1.01,1.25,1.15,1.04,0.97
West Devon,E07000047,South West,E12000009,England,1.62,1.10,1.01,0.88,0.97,#NULL!,0.88,0.88,0.54,2.60,0.97,1.05,1.02,0.96,0.87,3.60,1.94,1.27,1.60,0.32,0.55,0.79,1.08,1.10,1.04,0.98
Eastbourne,E07000061,South East,E12000008,England,0.67,0.92,0.87,0.97,0.97,1.83,0.85,0.86,0.58,2.05,0.94,1.10,1.04,0.95,1.02,1.21,1.62,1.24,1.92,0.31,0.69,0.84,1.11,1.08,1.06,0.96
Hastings,E07000062,North East,E12000001,England,1.24,0.92,0.87,0.97,0.97,2.28,0.88,0.90,0.61,2.15,1.00,1.05,1.10,0.95,0.93,1.15,1.48,1.38,1.85,0.31,0.33,1.07,1.08,1.16,1.05,0.96
Lewes,E07000063,South East,E12000008,England,0.65,0.92,0.87,0.97,0.97,1.84,0.86,0.86,0.55,2.11,0.92,1.08,1.06,0.97,1.03,1.21,1.62,1.28,1.15,0.34,0.86,1.48,0.98,1.08,1.05,0.96
Rother,E07000064,South East,E12000008,England,1.88,0.92,0.87,0.97,0.97,1.69,0.82,0.83,0.53,2.34,0.87,1.07,1.12,0.95,0.95,1.21,1.62,1.48,2.66,0.30,0.58,0.76,0.90,1.01,1.05,0.96
Wealden,E07000065,South East,E12000008,England,1.57,0.92,0.87,0.97,0.97,1.30,0.83,0.83,0.53,2.53,0.83,1.07,1.09,0.97,0.92,1.21,1.62,1.32,1.77,0.26,0.41,2.44,1.18,1.01,1.04,0.96
Basildon,E07000066,East of England,E12000006,England,0.90,1.07,0.84,1.02,0.85,1.11,0.83,0.83,0.56,3.48,0.82,1.05,1.13,0.96,0.73,1.79,1.77,1.45,1.25,0.26,0.56,1.46,1.10,1.00,1.05,0.96
Braintree,E07000067,East of England,E12000006,England,5.27,1.07,0.84,1.02,0.85,0.53,0.85,0.85,0.54,3.55,0.84,1.06,1.10,0.94,0.81,1.79,1.77,1.47,1.38,0.24,0.53,0.64,0.84,1.06,1.04,0.96
Brentwood,E07000068,East of England,E12000006,England,#NULL!,1.07,0.84,1.02,0.85,0.53,0.84,0.84,0.59,3.10,0.80,1.08,1.09,0.95,0.65,1.79,1.77,1.44,1.39,0.27,0.32,1.26,1.51,0.96,1.05,0.97
Castle Point,E07000069,East of England,E12000006,England,#NULL!,1.07,0.84,1.02,0.85,1.52,0.82,0.82,0.51,3.67,0.83,1.06,1.16,1.00,0.78,1.79,1.77,1.46,2.48,0.26,0.37,1.32,0.77,1.02,1.05,0.96
Chelmsford,E07000070,East of England,E12000006,England,1.14,1.07,0.84,1.02,0.85,0.48,0.86,0.86,0.58,2.90,0.82,1.06,1.13,0.95,0.95,1.79,1.77,1.41,1.33,0.28,0.97,1.40,1.02,0.99,1.04,0.97
Colchester,E07000071,East of England,E12000006,England,1.69,1.07,0.84,1.02,0.85,2.71,0.87,0.87,0.57,2.42,0.86,1.07,1.13,0.94,0.80,1.79,1.77,1.44,1.39,0.26,0.65,0.54,1.06,1.06,1.04,0.96
Epping Forest,E07000072,East of England,E12000006,England,#NULL!,1.07,0.84,1.02,0.85,0.92,0.84,0.84,0.60,3.14,0.89,1.05,1.12,0.96,1.02,1.79,1.77,1.56,1.97,0.27,0.53,0.59,0.98,1.04,1.05,0.97
Harlow,E07000073,East of England,E12000006,England,0.95,1.07,0.84,1.02,0.85,#NULL!,0.86,0.86,0.60,2.98,0.97,1.03,1.13,0.91,0.93,1.79,1.77,1.27,9.70,0.35,0.37,0.87,0.65,1.11,1.05,0.96
Maldon,E07000074,East of England,E12000006,England,0.37,1.07,0.84,1.02,0.85,#NULL!,0.83,0.84,0.52,3.54,0.82,1.04,1.13,0.97,0.91,1.79,1.77,1.56,1.81,0.23,0.82,8.21,1.84,1.04,1.04,0.97
Rochford,E07000075,East of England,E12000006,England,0.40,1.07,0.84,1.02,0.85,2.43,0.84,0.84,0.52,3.53,0.78,1.05,1.18,1.00,0.97,1.79,1.77,1.45,2.85,0.25,0.62,0.80,1.09,0.98,1.04,0.97
Tendring,E07000076,East of England,E12000006,England,2.24,1.07,0.84,1.02,0.85,2.66,0.83,0.83,0.51,2.90,0.88,1.05,1.07,1.01,0.81,1.79,1.77,1.41,3.41,0.30,0.50,1.96,1.47,1.10,1.05,0.96
Uttlesford,E07000077,East of England,E12000006,England,2.51,1.07,0.84,1.02,0.85,1.12,0.84,0.84,0.55,3.04,0.83,1.06,1.13,0.93,0.94,1.79,1.77,1.68,1.11,0.30,0.26,0.69,1.14,1.03,1.03,0.97
Cheltenham,E07000078,South West,E12000009,England,1.50,1.09,0.85,0.81,0.88,1.34,0.86,0.87,0.59,2.27,0.85,1.10,1.10,0.90,0.87,3.60,1.94,1.49,1.49,0.25,0.48,1.02,1.62,0.98,1.04,0.96
Cotswold,E07000079,South West,E12000009,England,2.79,1.09,0.85,0.81,0.88,1.53,0.84,0.84,0.54,2.54,0.84,1.06,1.04,0.95,0.86,3.60,1.94,1.41,1.38,0.30,0.42,2.13,1.25,0.97,1.03,0.96
Forest of Dean,E07000080,South West,E12000009,England,0.16,1.09,0.85,0.81,0.88,0.99,0.85,0.85,0.51,3.07,0.90,1.03,1.12,0.94,0.66,3.60,1.94,1.30,2.41,0.26,0.27,1.59,1.24,1.06,1.04,0.97
Gloucester,E07000081,South West,E12000009,England,3.52,1.09,0.85,0.81,0.88,0.96,0.88,0.89,0.58,2.65,0.89,1.06,1.13,0.95,0.80,3.60,1.94,1.48,1.93,0.25,0.86,0.28,0.89,1.04,1.06,0.96
Stroud,E07000082,South West,E12000009,England,0.31,1.09,0.85,0.81,0.88,1.21,0.88,0.88,0.54,2.66,0.87,1.06,1.10,0.90,0.82,3.60,1.94,1.46,4.16,0.28,0.65,0.83,0.96,1.04,1.04,0.96
Tewkesbury,E07000083,South West,E12000009,England,1.37,1.09,0.85,0.81,0.88,1.18,0.87,0.87,0.55,2.77,0.83,1.06,1.15,0.94,0.84,3.60,1.94,1.46,3.96,0.24,0.65,1.29,0.95,0.97,1.06,0.96
Basingstoke and Deane,E07000084,South East,E12000008,England,1.07,1.13,0.92,0.91,0.92,0.92,0.86,0.87,0.62,3.24,0.84,1.07,1.11,0.91,0.77,1.21,1.62,1.39,1.24,0.26,0.54,1.37,1.02,0.98,1.04,0.96
East Hampshire,E07000085,South East,E12000008,England,1.42,1.13,0.92,0.91,0.92,1.13,0.84,0.85,0.56,2.76,0.82,1.06,1.08,0.92,0.88,1.21,1.62,1.42,2.26,0.29,0.54,0.88,1.05,0.98,1.04,0.96
Eastleigh,E07000086,South East,E12000008,England,0.94,1.13,0.92,0.91,0.92,2.00,0.88,0.88,0.57,2.50,0.86,1.05,1.13,0.93,0.79,1.21,1.62,1.40,1.61,0.25,0.70,1.10,0.95,1.03,1.04,0.96
Fareham,E07000087,South East,E12000008,England,2.50,1.13,0.92,0.91,0.92,1.08,0.85,0.86,0.55,2.66,0.81,1.07,1.16,0.95,0.88,1.21,1.62,1.38,2.14,0.25,0.72,1.07,0.96,0.93,1.03,0.96
Gosport,E07000088,South East,E12000008,England,0.59,1.13,0.92,0.91,0.92,2.22,0.85,0.86,0.56,2.85,0.82,1.06,1.09,0.99,0.77,1.21,1.62,1.43,3.23,0.24,0.47,0.98,0.90,1.00,1.05,0.95
Hart,E07000089,London,E12000007,England,1.33,1.13,0.92,0.91,0.92,1.14,0.85,0.85,0.58,3.59,0.80,1.08,1.13,0.95,0.72,2.12,1.49,1.49,1.94,0.30,0.37,0.95,1.25,0.95,1.04,0.96
Havant,E07000090,South East,E12000008,England,0.89,1.13,0.92,0.91,0.92,1.15,0.85,0.85,0.54,3.08,0.85,1.07,1.09,0.94,0.79,1.21,1.62,1.48,1.28,0.23,1.24,1.78,0.98,0.99,1.04,0.96
New Forest,E07000091,South East,E12000008,England,1.02,1.13,0.92,0.91,0.92,1.21,0.85,0.86,0.54,2.62,0.84,1.07,1.06,0.96,0.81,1.21,1.62,1.45,3.01,0.28,0.20,1.50,1.12,0.99,1.04,0.96
Rushmoor,E07000092,South East,E12000008,England,0.60,1.13,0.92,0.91,0.92,0.81,0.87,0.88,0.64,3.04,0.85,1.05,1.15,0.94,0.80,1.21,1.62,1.62,0.61,0.24,0.62,0.39,1.22,1.06,1.04,0.97
Test Valley,E07000093,South East,E12000008,England,1.71,1.13,0.92,0.91,0.92,0.69,0.86,0.86,0.57,2.80,0.82,1.07,1.11,0.90,0.99,1.21,1.62,1.52,18.95,0.26,0.65,3.16,1.35,0.97,1.04,0.96
Winchester,E07000094,South East,E12000008,England,1.29,1.13,0.92,0.91,0.92,0.93,0.85,0.85,0.56,2.27,0.84,1.07,1.05,0.99,0.79,1.21,1.62,1.44,1.49,0.27,0.55,1.06,1.22,0.99,1.05,0.96
Broxbourne,E07000095,East of England,E12000006,England,2.28,1.13,1.03,1.14,0.94,1.45,0.85,0.85,0.59,3.58,0.91,1.04,1.18,1.00,0.94,1.79,1.77,1.41,1.26,0.30,0.58,3.72,0.65,1.09,1.06,0.97
Dacorum,E07000096,East of England,E12000006,England,1.07,1.13,1.03,1.14,0.94,0.73,0.87,0.87,0.60,2.95,0.90,1.06,1.11,0.92,0.72,1.79,1.77,1.41,1.18,0.29,0.70,0.32,0.81,1.03,1.04,0.97
Hertsmere,E07000098,West Midlands,E12000005,England,2.90,1.13,1.03,1.14,0.94,1.15,0.84,0.85,0.59,2.93,0.85,1.07,1.12,0.95,0.91,13.60,1.48,1.51,1.15,0.28,0.50,1.04,0.87,1.01,1.06,0.97
North Hertfordshire,E07000099,East of England,E12000006,England,1.67,1.13,1.03,1.14,0.94,1.76,0.86,0.86,0.60,2.70,0.86,1.06,1.12,0.88,0.88,1.79,1.77,1.50,1.86,0.27,0.36,0.85,1.09,1.00,1.04,0.96
Three Rivers,E07000102,East of England,E12000006,England,1.24,1.13,1.03,1.14,0.94,0.64,0.86,0.87,0.60,2.90,0.88,1.07,1.10,0.93,0.91,1.79,1.77,1.45,2.74,0.29,0.39,0.91,1.00,0.99,1.04,0.97
Watford,E07000103,East of England,E12000006,England,0.69,1.13,1.03,1.14,0.94,0.97,0.86,0.86,0.66,2.72,0.93,1.05,1.12,0.95,0.87,1.79,1.77,1.46,4.35,0.29,0.64,0.38,0.94,1.07,1.04,0.97
Ashford,E07000105,South East,E12000008,England,0.67,1.16,0.79,0.88,1.02,0.30,0.84,0.84,0.57,2.91,0.88,1.06,1.15,0.95,0.85,1.21,1.62,1.44,4.91,0.29,0.62,1.38,0.96,1.05,1.05,0.96
Canterbury,E07000106,South East,E12000008,England,1.67,1.16,0.79,0.88,1.02,0.71,0.87,0.87,0.59,1.74,0.92,1.07,1.11,0.97,0.69,1.21,1.62,1.40,3.88,0.29,0.44,1.52,1.51,1.08,1.05,0.96
Dartford,E07000107,South East,E12000008,England,1.19,1.16,0.79,0.88,1.02,1.78,0.87,0.87,0.64,2.99,0.93,1.05,1.14,0.94,0.82,1.21,1.62,1.51,4.22,0.33,0.56,2.39,1.00,1.08,1.04,0.97
Dover,E07000108,South East,E12000008,England,1.51,1.16,0.79,0.88,1.02,1.17,0.86,0.87,0.58,2.41,0.92,1.04,1.10,0.96,0.90,1.21,1.62,1.40,1.55,0.25,0.39,0.81,0.84,1.13,1.04,0.97
Gravesham,E07000109,South East,E12000008,England,0.67,1.16,0.79,0.88,1.02,2.38,0.84,0.85,0.57,3.03,0.90,1.04,1.12,0.96,0.84,1.21,1.62,1.41,6.90,0.29,0.56,0.66,0.88,1.04,1.05,0.97
Maidstone,E07000110,South East,E12000008,England,0.64,1.16,0.79,0.88,1.02,1.15,0.85,0.85,0.58,2.86,0.87,1.06,1.11,0.94,0.84,1.21,1.62,1.56,1.66,0.26,0.45,0.52,0.87,1.05,1.04,0.97
Sevenoaks,E07000111,South East,E12000008,England,0.80,1.16,0.79,0.88,1.02,1.01,0.82,0.82,0.56,3.15,0.83,1.05,1.14,0.94,0.74,1.21,1.62,1.57,2.25,0.26,1.00,0.87,1.10,0.98,1.02,0.97
Folkestone and Hythe,E07000112,South East,E12000008,England,1.04,1.16,0.79,0.88,1.02,1.12,0.85,0.86,0.59,2.69,0.91,1.06,1.08,0.96,0.80,1.21,1.62,1.37,0.64,0.26,0.76,0.25,0.90,1.10,1.05,0.96
Swale,E07000113,South East,E12000008,England,1.21,1.16,0.79,0.88,1.02,1.34,0.85,0.86,0.57,3.27,0.93,1.04,1.10,1.01,0.83,1.21,1.62,1.53,2.44,0.28,0.42,0.57,1.01,1.11,1.05,0.97
Thanet,E07000114,South East,E12000008,England,0.42,1.16,0.79,0.88,1.02,1.14,0.86,0.87,0.60,2.31,0.94,1.06,1.10,0.98,0.95,1.21,1.62,1.41,1.71,0.30,0.75,0.95,0.97,1.13,1.06,0.97
Tonbridge and Malling,E07000115,South East,E12000008,England,0.98,1.16,0.79,0.88,1.02,0.96,0.86,0.86,0.58,2.85,0.83,1.06,1.11,0.93,0.83,1.21,1.62,1.47,7.51,0.28,0.33,1.17,1.25,1.02,1.05,0.97
Tunbridge Wells,E07000116,South East,E12000008,England,0.97,1.16,0.79,0.88,1.02,1.04,0.84,0.85,0.58,2.77,0.83,1.09,1.06,0.93,0.83,1.21,1.62,1.43,1.86,0.29,0.45,1.32,0.87,1.01,1.04,0.97
Burnley,E07000117,North West,E12000002,England,0.55,1.06,1.05,0.91,0.99,0.59,0.83,0.84,0.61,3.09,0.99,1.02,1.13,0.99,0.89,2.43,1.29,1.41,2.19,0.24,0.55,0.56,0.80,1.16,1.06,0.97
Chorley,E07000118,North West,E12000002,England,0.43,1.06,1.05,0.91,0.99,0.92,0.92,0.93,0.66,2.84,0.98,1.05,1.08,0.97,0.85,2.43,1.29,1.34,1.10,0.26,0.78,0.45,1.14,1.12,1.04,0.97
Fylde,E07000119,North West,E12000002,England,2.41,1.06,1.05,0.91,0.99,1.23,0.88,0.89,0.62,2.57,0.86,1.06,1.08,0.91,0.85,2.43,1.29,1.38,2.04,0.26,0.68,0.85,0.99,0.99,1.04,0.97
Hyndburn,E07000120,North West,E12000002,England,28.17,1.06,1.05,0.91,0.99,#NULL!,0.85,0.86,0.64,3.15,1.05,1.01,1.07,1.03,0.69,2.43,1.29,1.31,1.47,0.24,0.59,0.90,1.36,1.19,1.05,0.96
Lancaster,E07000121,North West,E12000002,England,0.87,1.06,1.05,0.91,0.99,0.62,0.90,0.91,0.59,1.94,1.00,1.06,1.05,0.97,0.82,2.43,1.29,1.35,2.76,0.30,0.69,0.79,1.36,1.10,1.05,0.96
Pendle,E07000122,North West,E12000002,England,1.07,1.06,1.05,0.91,0.99,0.42,0.79,0.80,0.59,3.02,0.98,1.02,1.09,0.98,0.86,2.43,1.29,1.61,1.85,0.25,0.22,0.75,1.12,1.12,1.04,0.97
Preston,E07000123,North West,E12000002,England,1.58,1.06,1.05,0.91,0.99,1.14,0.87,0.87,0.62,2.43,0.94,1.04,1.12,0.90,0.83,2.43,1.29,1.39,2.58,0.21,0.45,0.25,0.80,1.03,1.05,0.96
Ribble Valley,E07000124,North West,E12000002,England,3.14,1.06,1.05,0.91,0.99,0.58,0.87,0.87,0.61,2.67,0.97,1.06,1.12,0.92,0.70,2.43,1.29,1.54,2.48,0.30,0.38,0.59,1.21,1.12,1.03,0.96
Rossendale,E07000125,North West,E12000002,England,0.20,1.06,1.05,0.91,0.99,#NULL!,0.88,0.89,0.65,2.67,0.99,1.01,1.11,1.01,0.87,2.43,1.29,1.49,1.67,0.54,1.57,0.81,0.96,1.19,1.04,0.97
South Ribble,E07000126,North West,E12000002,England,0.53,1.06,1.05,0.91,0.99,1.38,0.89,0.89,0.63,2.65,0.94,1.05,1.11,0.97,0.99,2.43,1.29,1.30,2.03,0.26,0.52,0.99,0.89,1.07,1.05,0.95
West Lancashire,E07000127,North West,E12000002,England,#NULL!,1.06,1.05,0.91,0.99,0.95,0.86,0.86,0.58,2.56,0.93,1.03,1.07,1.06,0.82,2.43,1.29,1.36,0.89,0.32,0.73,0.68,1.06,1.07,1.05,0.96
Wyre,E07000128,West Midlands,E12000005,England,0.46,1.06,1.05,0.91,0.99,1.23,0.88,0.89,0.61,2.51,0.95,1.06,1.02,1.01,0.88,13.60,1.48,1.30,1.08,0.24,1.00,0.82,0.86,1.07,1.06,0.95
Blaby,E07000129,East Midlands,E12000004,England,4.99,1.17,1.13,1.02,0.94,1.19,0.88,0.88,0.58,2.68,0.92,1.05,1.24,0.96,0.92,3.69,2.24,1.39,1.03,0.23,0.38,1.21,1.04,1.09,1.05,0.96
Charnwood,E07000130,East Midlands,E12000004,England,1.98,1.17,1.13,1.02,0.94,0.81,0.90,0.91,0.61,2.14,0.93,1.07,1.13,0.88,0.83,3.69,2.24,1.50,1.70,0.25,1.48,1.11,1.05,1.05,1.04,0.96
Harborough,E07000131,East Midlands,E12000004,England,#NULL!,1.17,1.13,1.02,0.94,1.14,0.88,0.89,0.58,2.47,0.89,1.06,1.13,0.91,0.86,3.69,2.24,1.34,2.87,0.35,0.36,0.46,1.18,1.05,1.04,0.97
Hinckley and Bosworth,E07000132,London,E12000007,England,1.86,1.17,1.13,1.02,0.94,1.21,0.87,0.88,0.58,2.77,0.89,1.05,1.15,0.94,0.78,2.12,1.49,1.32,1.24,0.24,0.62,0.80,1.10,1.06,1.04,0.97
Melton,E07000133,East Midlands,E12000004,England,0.76,1.17,1.13,1.02,0.94,1.38,0.87,0.87,0.56,2.59,0.88,1.04,1.12,0.96,0.73,3.69,2.24,1.39,1.16,0.29,0.56,0.41,0.89,1.05,1.04,0.97
North West Leicestershire,E07000134,East Midlands,E12000004,England,1.51,1.17,1.13,1.02,0.94,0.70,0.86,0.86,0.57,2.78,0.88,1.03,1.12,1.01,0.90,3.69,2.24,1.38,3.43,0.23,0.36,0.77,0.80,1.04,1.05,0.96
Oadby and Wigston,E07000135,East Midlands,E12000004,England,#NULL!,1.17,1.13,1.02,0.94,1.94,0.86,0.86,0.58,2.20,0.84,1.05,1.14,0.98,0.97,3.69,2.24,1.41,4.75,0.43,0.37,1.15,1.00,1.00,1.06,0.96
Boston,E07000136,East Midlands,E12000004,England,2.03,1.09,1.18,0.93,0.91,2.46,0.88,0.89,0.61,2.80,0.95,1.03,1.11,0.96,0.90,3.69,2.24,1.38,2.89,0.27,0.50,1.01,1.07,1.17,1.06,0.97
East Lindsey,E07000137,East Midlands,E12000004,England,1.59,1.09,1.18,0.93,0.91,0.86,0.83,0.83,0.52,3.02,0.92,1.03,1.09,0.97,0.93,3.69,2.24,1.31,7.94,0.27,0.25,2.88,1.20,1.13,1.04,0.96
Lincoln,E07000138,East Midlands,E12000004,England,2.89,1.09,1.18,0.93,0.91,1.86,0.89,0.89,0.59,1.98,0.89,1.06,1.06,0.97,0.86,3.69,2.24,1.37,2.03,0.24,0.57,1.28,1.14,1.06,1.06,0.95
North Kesteven,E07000139,East Midlands,E12000004,England,0.80,1.09,1.18,0.93,0.91,0.77,0.86,0.86,0.57,2.86,0.85,1.04,1.12,0.97,0.83,3.69,2.24,1.30,2.63,0.24,0.43,1.11,1.00,1.04,1.04,0.96
South Holland,E07000140,East Midlands,E12000004,England,#NULL!,1.09,1.18,0.93,0.91,0.82,0.84,0.84,0.58,3.53,0.92,1.03,1.15,0.95,0.89,3.69,2.24,1.38,1.16,0.20,0.48,1.47,1.88,1.13,1.04,0.96
South Kesteven,E07000141,East Midlands,E12000004,England,2.18,1.09,1.18,0.93,0.91,0.64,0.85,0.86,0.56,2.81,0.85,1.06,1.11,0.94,0.72,3.69,2.24,1.45,0.85,0.32,0.70,0.79,0.80,1.04,1.04,0.97
West Lindsey,E07000142,East Midlands,E12000004,England,1.34,1.09,1.18,0.93,0.91,0.94,0.85,0.86,0.55,2.59,0.90,1.05,1.12,0.95,0.77,3.69,2.24,1.38,2.03,0.28,0.57,1.12,0.83,1.08,1.05,0.96
Breckland,E07000143,East of England,E12000006,England,1.46,1.07,1.17,1.10,0.89,1.26,0.86,0.86,0.55,2.99,0.88,1.05,1.13,0.91,0.82,1.79,1.77,1.38,3.53,0.23,0.44,0.96,1.01,1.10,1.05,0.96
Broadland,E07000144,East of England,E12000006,England,0.95,1.07,1.17,1.10,0.89,1.32,0.86,0.86,0.51,2.51,0.85,1.06,1.11,0.92,0.80,1.79,1.77,1.32,1.53,0.22,0.47,0.95,1.21,1.04,1.04,0.97
Great Yarmouth,E07000145,East of England,E12000006,England,0.58,1.07,1.17,1.10,0.89,1.10,0.85,0.87,0.54,3.34,0.87,1.04,1.10,0.98,0.83,1.79,1.77,1.38,1.80,0.22,0.62,5.11,0.86,1.08,1.06,0.96
King's Lynn and West Norfolk,E07000146,East of England,E12000006,England,0.56,1.07,1.17,1.10,0.89,1.31,0.83,0.84,0.52,3.06,0.90,1.05,1.08,0.96,0.89,1.79,1.77,1.40,2.91,0.24,0.34,2.49,1.01,1.08,1.04,0.96
North Norfolk,E07000147,East of England,E12000006,England,13.82,1.07,1.17,1.10,0.89,1.58,0.84,0.84,0.51,2.66,0.90,1.06,1.06,0.95,1.09,1.79,1.77,1.29,1.89,0.24,0.38,1.56,0.91,1.06,1.05,0.96
Norwich,E07000148,East of England,E12000006,England,1.28,1.07,1.17,1.10,0.89,1.19,0.88,0.89,0.63,1.83,0.95,1.07,1.05,0.94,0.90,1.79,1.77,1.30,1.76,0.25,0.77,1.76,0.99,1.09,1.06,0.95
South Norfolk,E07000149,East of England,E12000006,England,0.92,1.07,1.17,1.10,0.89,1.28,0.87,0.87,0.54,2.49,0.88,1.06,1.11,0.91,0.82,1.79,1.77,1.32,2.03,0.27,0.31,0.89,1.15,1.07,1.04,0.96
Craven,E07000163,Yorkshire and the Humber,E12000003,England,1.01,1.08,1.10,1.10,0.88,1.48,0.86,0.86,0.56,2.40,0.94,1.04,1.15,0.94,0.81,1.51,3.38,1.50,2.33,0.30,0.36,0.71,0.70,1.10,1.05,0.97
Hambleton,E07000164,Yorkshire and the Humber,E12000003,England,3.45,1.08,1.10,1.10,0.88,0.99,0.85,0.85,0.54,2.75,0.92,1.06,1.09,0.95,0.81,1.51,3.38,1.47,2.92,0.26,0.36,0.72,0.75,1.06,1.04,0.96
Harrogate,E07000165,Yorkshire and the Humber,E12000003,England,1.65,7.97,0.86,0.67,0.30,1.65,0.87,0.87,0.21,2.73,0.88,1.07,1.13,0.93,0.82,1.51,3.38,1.41,1.44,0.26,0.36,1.49,1.01,1.05,1.05,0.96
Richmondshire,E07000166,Yorkshire and the Humber,E12000003,England,0.00,1.08,1.10,1.10,0.88,0.56,0.85,0.84,0.54,2.79,0.96,1.05,1.11,0.98,0.86,1.51,3.38,1.49,5.98,0.16,0.36,4.34,0.95,1.12,1.02,0.96
Ryedale,E07000167,Yorkshire and the Humber,E12000003,England,1.75,1.08,1.10,1.10,0.88,0.97,0.85,0.85,0.52,2.42,0.93,1.04,1.09,0.95,0.91,1.51,3.38,1.52,1.64,0.28,0.36,1.82,0.98,1.11,1.06,0.97
Scarborough,E07000168,Yorkshire and the Humber,E12000003,England,2.24,1.08,1.10,1.10,0.88,1.08,0.86,0.87,0.55,2.87,0.99,1.05,1.11,0.93,0.85,1.51,3.38,1.28,0.62,0.25,0.36,0.57,0.92,1.12,1.06,0.96
Selby,E07000169,Yorkshire and the Humber,E12000003,England,1.50,1.08,1.10,1.10,0.88,1.00,0.89,0.89,0.58,3.25,0.93,1.04,1.14,0.97,0.87,1.51,3.38,1.39,1.58,0.29,0.36,1.77,2.00,1.07,1.05,0.97
Ashfield,E07000170,East Midlands,E12000004,England,0.85,1.14,1.18,1.20,0.92,1.56,0.87,0.87,0.58,2.94,0.92,1.02,1.09,1.02,0.81,3.69,2.24,1.53,2.16,0.31,0.52,1.04,0.86,1.06,1.04,0.96
Bassetlaw,E07000171,East Midlands,E12000004,England,2.68,1.14,1.18,1.20,0.92,0.89,0.88,0.89,0.56,3.27,0.96,1.03,1.12,0.98,0.93,3.69,2.24,1.42,1.11,0.27,0.50,0.34,0.92,1.08,1.04,0.97
Broxtowe,E07000172,East Midlands,E12000004,England,1.42,1.14,1.18,1.20,0.92,0.76,0.88,0.89,0.59,1.94,0.90,1.04,1.15,0.94,0.85,3.69,2.24,1.38,1.92,0.27,0.91,1.09,1.02,0.99,1.03,0.96
Gedling,E07000173,East Midlands,E12000004,England,#NULL!,1.14,1.18,1.20,0.92,2.98,0.89,0.90,0.61,2.38,0.95,1.04,1.12,1.00,0.80,3.69,2.24,1.49,1.70,0.30,0.71,0.79,1.03,1.09,1.04,0.96
Mansfield,E07000174,East Midlands,E12000004,England,1.34,1.14,1.18,1.20,0.92,2.00,0.88,0.89,0.58,2.92,0.95,1.03,1.07,0.96,0.89,3.69,2.24,1.46,0.84,0.39,0.64,0.82,0.95,1.09,1.04,0.97
Newark and Sherwood,E07000175,East Midlands,E12000004,England,1.76,1.14,1.18,1.20,0.92,1.21,0.86,0.87,0.57,2.65,0.91,1.04,1.10,0.97,0.81,3.69,2.24,1.42,2.19,0.32,0.62,1.05,0.82,1.07,1.04,0.97
Rushcliffe,E07000176,East Midlands,E12000004,England,0.60,1.14,1.18,1.20,0.92,1.95,0.89,0.89,0.61,2.02,0.89,1.06,1.14,0.92,1.06,3.69,2.24,1.46,1.23,0.29,0.52,0.59,0.89,0.99,1.04,0.97
Cherwell,E07000177,South East,E12000008,England,0.71,1.12,0.81,0.92,0.87,1.54,0.87,0.87,0.61,2.26,0.93,1.07,1.12,0.90,0.75,1.21,1.62,1.41,1.41,0.27,0.37,1.41,0.86,1.06,1.03,0.96
Oxford,E07000178,South East,E12000008,England,1.48,1.12,0.81,0.92,0.87,1.06,0.90,0.91,0.71,1.26,1.04,1.08,1.09,0.94,0.91,1.21,1.62,1.37,1.32,0.29,1.29,0.55,1.16,1.05,1.06,0.96
South Oxfordshire,E07000179,South East,E12000008,England,4.71,1.12,0.81,0.92,0.87,0.69,0.86,0.86,0.59,2.49,0.90,1.07,1.07,0.93,1.00,1.21,1.62,1.54,1.49,0.33,0.64,1.51,0.80,1.02,1.04,0.97
Vale of White Horse,E07000180,South East,E12000008,England,1.26,1.12,0.81,0.92,0.87,1.34,0.87,0.87,0.61,2.12,0.89,1.06,1.11,0.91,0.82,1.21,1.62,1.58,2.84,0.28,0.90,0.39,0.95,1.02,1.04,0.96
West Oxfordshire,E07000181,East Midlands,E12000004,England,0.70,1.12,0.81,0.92,0.87,0.65,0.85,0.85,0.56,2.12,0.90,1.07,1.09,0.89,0.81,3.69,2.24,1.51,0.92,0.27,0.36,1.20,0.76,1.07,1.05,0.96
Mendip,E07000187,South West,E12000009,England,1.02,1.12,0.85,0.96,1.05,0.70,0.86,0.87,0.52,2.44,0.93,1.06,1.09,0.94,0.91,3.60,1.94,1.59,2.39,0.31,0.47,0.98,0.89,1.11,1.04,0.96
Sedgemoor,E07000188,South West,E12000009,England,0.72,1.12,0.85,0.96,1.05,0.89,0.85,0.85,0.52,3.00,0.90,1.07,1.09,0.91,0.76,3.60,1.94,1.45,1.74,0.42,0.47,1.70,1.14,1.05,1.05,0.96
South Somerset,E07000189,South West,E12000009,England,4.19,1.12,0.85,0.96,1.05,0.80,0.85,0.85,0.53,3.05,0.86,1.07,1.10,0.92,0.85,3.60,1.94,1.40,2.15,0.27,0.91,0.95,0.97,1.03,1.05,0.96
Cannock Chase,E07000192,West Midlands,E12000005,England,0.68,1.10,0.93,0.83,0.98,0.83,0.85,0.85,0.55,3.19,0.95,1.05,1.12,0.95,0.93,13.60,1.48,1.36,3.17,0.24,0.78,0.53,1.18,1.15,1.05,0.95
East Staffordshire,E07000193,West Midlands,E12000005,England,1.11,1.10,0.93,0.83,0.98,0.76,0.85,0.85,0.57,3.19,0.93,1.07,1.10,0.92,0.81,13.60,1.48,1.49,2.10,0.25,0.68,1.58,0.87,1.04,1.06,0.97
Lichfield,E07000194,West Midlands,E12000005,England,0.44,1.10,0.93,0.83,0.98,0.55,0.86,0.86,0.58,2.71,0.87,1.06,1.10,0.92,0.83,13.60,1.48,1.42,1.97,0.28,0.47,0.73,1.06,1.03,1.04,0.96
Newcastle-under-Lyme,E07000195,West Midlands,E12000005,England,0.72,1.10,0.93,0.83,0.98,1.59,0.87,0.88,0.60,2.46,0.95,1.04,1.09,0.97,0.90,13.60,1.48,1.43,3.64,0.26,0.42,1.11,0.90,1.10,1.05,0.96
South Staffordshire,E07000196,West Midlands,E12000005,England,1.26,1.10,0.93,0.83,0.98,0.97,0.90,0.90,0.59,3.08,0.93,1.03,1.14,0.99,0.78,13.60,1.48,1.42,1.37,0.30,0.50,0.86,1.52,1.05,1.05,0.98
Stafford,E07000197,West Midlands,E12000005,England,1.65,1.10,0.93,0.83,0.98,1.27,0.87,0.87,0.60,2.43,0.89,1.05,1.12,0.89,0.91,13.60,1.48,1.36,4.40,0.29,0.48,0.57,0.89,1.04,1.05,0.96
Staffordshire Moorlands,E07000198,West Midlands,E12000005,England,0.50,1.10,0.93,0.83,0.98,0.75,0.86,0.86,0.56,2.77,0.99,1.03,1.13,0.95,0.96,13.60,1.48,1.44,1.36,0.26,0.37,0.72,1.05,1.14,1.04,0.96
Tamworth,E07000199,West Midlands,E12000005,England,3.66,1.10,0.93,0.83,0.98,0.72,0.86,0.86,0.57,3.38,0.89,1.04,1.14,0.93,0.76,13.60,1.48,1.35,5.69,0.22,0.25,0.18,0.84,1.12,1.05,0.96
Babergh,E07000200,East of England,E12000006,England,4.16,1.18,1.03,1.08,0.89,1.71,0.84,0.84,0.52,2.89,0.84,1.05,1.08,0.97,0.98,1.79,1.77,1.45,2.70,0.26,0.78,1.54,1.34,1.03,1.04,0.97
Ipswich,E07000202,East of England,E12000006,England,1.93,1.18,1.03,1.08,0.89,0.94,0.86,0.87,0.57,2.88,0.91,1.05,1.08,0.94,0.79,1.79,1.77,1.32,1.02,0.26,0.41,0.90,0.91,1.09,1.05,0.96
Mid Suffolk,E07000203,East of England,E12000006,England,2.06,1.18,1.03,1.08,0.89,1.07,0.85,0.85,0.51,2.93,0.87,1.05,1.11,0.93,0.90,1.79,1.77,1.41,2.70,0.28,0.36,0.61,0.97,1.05,1.04,0.96
Elmbridge,E07000207,South East,E12000008,England,0.98,1.12,0.85,1.04,0.88,0.86,0.83,0.83,0.60,2.86,0.83,1.09,1.09,0.96,0.76,1.21,1.62,1.41,1.78,0.30,0.50,0.59,0.69,0.97,1.03,0.98
Epsom and Ewell,E07000208,South East,E12000008,England,1.90,1.12,0.85,1.04,0.88,1.12,0.86,0.87,0.63,2.56,0.86,1.09,1.11,0.97,0.88,1.21,1.62,1.47,2.34,0.30,0.52,1.58,1.54,1.00,1.04,0.97
Guildford,E07000209,South East,E12000008,England,2.85,1.12,0.85,1.04,0.88,1.25,0.86,0.86,0.60,2.36,0.86,1.08,1.06,0.95,0.85,1.21,1.62,1.49,2.56,0.28,1.09,1.46,1.31,0.99,1.04,0.97
Mole Valley,E07000210,South East,E12000008,England,0.73,1.12,0.85,1.04,0.88,0.82,0.85,0.85,0.58,2.79,0.84,1.08,1.06,0.91,0.76,1.21,1.62,1.55,11.77,0.30,0.95,1.29,1.43,0.97,1.05,0.97
Reigate and Banstead,E07000211,South East,E12000008,England,0.68,1.12,0.85,1.04,0.88,0.96,0.87,0.88,0.63,2.96,0.87,1.07,1.11,0.95,0.86,1.21,1.62,1.40,5.41,0.29,0.41,1.26,0.92,1.02,1.04,0.98
Runnymede,E07000212,South East,E12000008,England,0.00,1.12,0.85,1.04,0.88,1.75,0.87,0.87,0.63,2.49,0.87,1.04,1.10,0.99,0.84,1.21,1.62,1.47,4.39,0.27,0.52,0.69,1.23,1.01,1.04,0.96
Spelthorne,E07000213,South East,E12000008,England,0.45,1.12,0.85,1.04,0.88,0.82,0.86,0.87,0.64,3.05,0.88,1.07,1.12,0.95,0.75,1.21,1.62,1.64,1.83,0.27,0.77,1.42,0.96,1.04,1.04,0.97
Surrey Heath,E07000214,South East,E12000008,England,1.04,1.12,0.85,1.04,0.88,0.83,0.86,0.87,0.62,3.15,0.82,1.09,1.10,0.91,0.92,1.21,1.62,1.55,1.24,0.29,0.75,0.70,1.27,0.96,1.04,0.97
Tandridge,E07000215,South East,E12000008,England,0.88,1.12,0.85,1.04,0.88,0.63,0.85,0.86,0.60,3.04,0.86,1.08,1.11,0.99,0.85,1.21,1.62,1.49,1.81,0.27,0.75,1.82,0.89,1.00,1.05,0.97
Waverley,E07000216,South East,E12000008,England,1.69,1.12,0.85,1.04,0.88,1.68,0.83,0.83,0.55,2.40,0.81,1.09,1.04,0.94,0.71,1.21,1.62,1.34,1.91,0.29,0.47,0.60,0.86,0.97,1.04,0.97
Woking,E07000217,South East,E12000008,England,0.52,1.12,0.85,1.04,0.88,1.58,0.85,0.85,0.62,3.02,0.83,1.09,1.11,0.91,0.93,1.21,1.62,1.43,2.08,0.27,0.30,1.17,0.96,0.98,1.03,0.97
North Warwickshire,E07000218,West Midlands,E12000005,England,1.28,1.06,0.85,0.84,0.85,1.34,0.87,0.88,0.59,3.70,0.97,1.02,1.16,0.97,0.85,13.60,1.48,1.36,0.87,0.26,0.59,0.00,1.23,1.12,1.04,0.96
Nuneaton and Bedworth,E07000219,West Midlands,E12000005,England,1.09,1.06,0.85,0.84,0.85,0.81,0.87,0.88,0.60,3.13,0.94,1.04,1.12,0.96,0.86,13.60,1.48,1.42,0.92,0.25,0.31,0.74,0.59,1.08,1.06,0.96
Rugby,E07000220,West Midlands,E12000005,England,0.60,1.06,0.85,0.84,0.85,1.63,0.87,0.88,0.62,2.71,0.88,1.06,1.18,0.87,0.97,13.60,1.48,1.56,0.26,0.26,0.75,0.92,0.82,1.03,1.05,0.95
Stratford-on-Avon,E07000221,West Midlands,E12000005,England,1.31,1.06,0.85,0.84,0.85,0.92,0.85,0.85,0.56,2.74,0.85,1.07,1.11,0.89,0.87,13.60,1.48,1.56,2.49,0.38,0.64,1.43,1.02,0.98,1.04,0.96
Warwick,E07000222,West Midlands,E12000005,England,4.16,1.06,0.85,0.84,0.85,1.22,0.88,0.88,0.62,2.05,0.86,1.09,1.10,0.85,0.85,13.60,1.48,1.43,1.82,0.26,0.37,1.11,1.04,0.97,1.04,0.96
Adur,E07000223,South East,E12000008,England,0.97,1.11,0.83,0.99,0.98,2.06,0.85,0.85,0.53,2.48,0.94,1.09,1.09,0.92,0.94,1.21,1.62,1.23,0.16,0.27,0.61,0.53,1.18,1.11,1.03,0.95
Arun,E07000224,South East,E12000008,England,2.66,1.11,0.83,0.99,0.98,0.64,0.85,0.86,0.56,2.60,0.88,1.08,1.11,0.93,0.90,1.21,1.62,1.43,2.11,0.26,0.54,0.82,0.90,1.03,1.05,0.96
Chichester,E07000225,South East,E12000008,England,0.74,1.11,0.83,0.99,0.98,0.62,0.83,0.83,0.54,2.30,0.87,1.08,1.07,0.93,0.82,1.21,1.62,1.47,4.00,0.28,0.57,1.96,0.88,1.00,1.05,0.97
Crawley,E07000226,South East,E12000008,England,3.94,1.11,0.83,0.99,0.98,1.49,0.85,0.85,0.61,3.00,0.86,1.04,1.14,0.89,0.79,1.21,1.62,1.49,3.92,0.24,0.80,0.00,1.05,0.98,1.05,0.96
Horsham,E07000227,East Midlands,E12000004,England,1.00,1.11,0.83,0.99,0.98,0.90,0.85,0.85,0.55,2.59,0.79,1.09,1.06,0.89,0.95,3.69,2.24,1.41,2.40,0.29,0.41,0.73,1.07,0.96,1.04,0.96
Mid Sussex,E07000228,South East,E12000008,England,0.64,1.11,0.83,0.99,0.98,0.94,0.86,0.86,0.57,2.48,0.82,1.09,1.10,0.93,0.84,1.21,1.62,1.44,3.86,0.18,0.37,1.03,0.90,0.98,1.04,0.97
Worthing,E07000229,South East,E12000008,England,2.99,1.11,0.83,0.99,0.98,0.94,0.87,0.88,0.59,2.51,0.90,1.10,1.09,0.94,0.96,1.21,1.62,1.41,1.40,0.28,1.06,0.84,1.56,1.08,1.04,0.95
Bromsgrove,E07000234,West Midlands,E12000005,England,0.96,#NULL!,#NULL!,#NULL!,#NULL!,0.67,0.88,0.89,0.60,2.51,0.91,1.05,1.16,0.94,0.78,13.60,1.48,1.54,1.36,0.33,0.55,0.86,0.72,1.05,1.04,0.97
Malvern Hills,E07000235,West Midlands,E12000005,England,6.06,#NULL!,#NULL!,#NULL!,#NULL!,1.22,0.84,0.85,0.54,2.48,0.86,1.05,1.06,0.92,0.83,13.60,1.48,1.44,3.69,0.31,0.63,0.96,1.36,1.00,1.03,0.96
Redditch,E07000236,West Midlands,E12000005,England,0.45,#NULL!,#NULL!,#NULL!,#NULL!,2.31,0.87,0.88,0.61,3.09,0.90,1.03,1.11,0.89,0.99,13.60,1.48,1.52,1.36,0.31,0.61,4.06,1.12,1.10,1.05,0.96
Worcester,E07000237,West Midlands,E12000005,England,1.11,#NULL!,#NULL!,#NULL!,#NULL!,1.12,0.88,0.88,0.60,2.32,0.90,1.06,1.08,0.96,0.75,13.60,1.48,1.39,1.40,0.30,0.59,1.11,1.10,1.08,1.04,0.96
Wychavon,E07000238,West Midlands,E12000005,England,1.03,#NULL!,#NULL!,#NULL!,#NULL!,1.78,0.87,0.87,0.57,2.88,0.86,1.06,1.11,0.90,0.88,13.60,1.48,1.62,3.51,0.48,0.65,0.49,1.27,1.03,1.04,0.97
Wyre Forest,E07000239,West Midlands,E12000005,England,0.66,#NULL!,#NULL!,#NULL!,#NULL!,1.37,0.86,0.87,0.57,2.95,0.90,1.04,1.12,0.93,0.88,13.60,1.48,1.46,3.67,0.67,0.32,1.07,0.62,1.11,1.05,0.96
St Albans,E07000240,East of England,E12000006,England,1.48,1.13,1.03,1.14,0.94,1.02,0.86,0.86,0.60,2.79,0.85,1.07,1.10,0.93,0.79,1.79,1.77,1.47,1.55,0.30,0.65,0.97,1.21,0.98,1.04,0.97
Welwyn Hatfield,E07000241,East of England,E12000006,England,0.62,1.13,1.03,1.14,0.94,0.90,0.86,0.86,0.61,2.63,0.87,1.07,1.11,0.85,0.96,1.79,1.77,1.37,1.68,0.28,0.55,1.18,1.07,0.99,1.04,0.96
East Hertfordshire,E07000242,East of England,E12000006,England,0.84,1.13,1.03,1.14,0.94,1.17,0.86,0.86,0.59,2.83,0.86,1.06,1.11,0.92,0.79,1.79,1.77,1.50,1.14,0.28,0.39,0.96,0.83,1.03,1.04,0.97
Stevenage,E07000243,East of England,E12000006,England,0.81,1.13,1.03,1.14,0.94,#NULL!,0.87,0.88,0.62,3.24,0.94,1.03,1.11,0.92,1.02,1.79,1.77,1.39,1.18,0.26,0.86,0.50,0.99,1.06,1.04,0.96
East Suffolk,E07000244,East of England,E12000006,England,0.68,1.18,1.03,1.08,0.89,1.24,0.84,0.85,0.50,2.70,0.84,1.05,1.10,0.95,0.76,1.79,1.77,1.46,3.75,0.26,0.57,0.54,0.79,1.01,1.04,0.96
West Suffolk,E07000245,East of England,E12000006,England,1.10,1.18,1.03,1.08,0.89,0.73,0.85,0.85,0.57,2.40,0.92,1.07,1.11,0.88,0.92,1.79,1.77,1.35,1.76,0.29,0.73,0.70,0.97,1.11,1.04,0.96
Somerset West and Taunton,E07000246,South West,E12000009,England,1.36,1.12,0.85,0.96,1.05,0.96,0.87,0.88,0.58,2.46,0.91,1.06,1.08,0.91,0.87,3.60,1.94,1.41,1.84,0.26,0.47,1.39,1.05,1.06,1.05,0.97
Bolton,E08000001,North West,E12000002,England,0.86,1.11,1.17,1.27,0.92,0.84,0.82,0.83,0.61,2.93,0.95,1.03,1.06,0.97,0.92,2.43,1.29,1.42,1.72,0.27,0.50,0.66,0.91,1.06,1.05,0.96
Bury,E08000002,North West,E12000002,England,1.20,0.97,0.99,1.16,0.99,0.92,0.87,0.88,0.65,2.66,0.95,1.05,1.09,0.98,1.03,2.43,1.29,1.44,2.56,0.41,0.70,0.81,0.90,1.09,1.05,0.96
Manchester,E08000003,North West,E12000002,England,0.89,1.07,1.03,0.90,0.95,0.95,0.86,0.86,0.71,1.84,0.94,1.01,1.09,0.94,0.91,2.43,1.29,1.46,1.93,0.25,1.00,0.84,1.00,1.02,1.06,0.96
Oldham,E08000004,North West,E12000002,England,0.53,1.11,0.93,1.11,1.16,1.47,0.81,0.82,0.63,2.96,0.98,1.01,1.05,1.03,0.90,2.43,1.29,1.39,1.52,0.29,0.54,2.02,1.08,1.08,1.04,0.97
Rochdale,E08000005,North West,E12000002,England,1.05,1.07,0.78,0.92,0.93,0.63,0.84,0.85,0.63,3.00,0.98,1.01,1.08,1.01,0.97,2.43,1.29,1.50,1.44,0.27,0.67,0.60,1.12,1.12,1.05,0.97
Salford,E08000006,North West,E12000002,England,0.25,1.11,0.93,0.77,0.90,1.05,0.90,0.92,0.70,2.40,0.95,1.05,1.09,0.92,0.97,2.43,1.29,1.50,1.01,0.28,0.62,0.49,1.32,1.05,1.04,0.97
Stockport,E08000007,North West,E12000002,England,0.94,1.07,0.78,0.85,0.91,1.10,0.87,0.89,0.64,2.42,0.91,1.06,1.08,0.97,0.78,2.43,1.29,1.46,1.58,0.28,0.80,0.44,0.94,1.04,1.05,0.96
Tameside,E08000008,North West,E12000002,England,2.03,1.00,1.02,1.19,0.87,1.59,0.86,0.87,0.64,2.87,0.98,1.04,1.07,0.97,0.80,2.43,1.29,1.34,2.61,0.27,0.63,0.64,1.04,1.13,1.04,0.96
Trafford,E08000009,North West,E12000002,England,1.08,1.14,0.79,0.88,1.04,1.46,0.87,0.88,0.65,2.40,0.89,1.06,1.12,0.93,0.76,2.43,1.29,1.45,2.25,0.28,0.80,0.99,1.10,1.01,1.04,0.96
Wigan,E08000010,North West,E12000002,England,0.86,1.01,1.10,1.24,0.86,0.86,0.89,0.90,0.63,2.88,1.00,1.03,1.07,0.98,0.82,2.43,1.29,1.45,1.13,0.28,0.79,0.77,1.03,1.14,1.05,0.97
Knowsley,E08000011,North West,E12000002,England,1.57,1.01,1.44,1.37,0.98,1.42,0.89,0.91,0.63,2.71,1.08,1.00,1.09,1.09,0.91,2.43,1.29,1.34,2.29,0.23,0.55,1.15,1.19,1.15,1.05,0.96
Liverpool,E08000012,North West,E12000002,England,0.88,1.17,0.97,0.94,0.97,0.98,0.90,0.92,0.68,1.99,1.03,1.02,1.08,0.95,0.98,2.43,1.29,1.38,1.59,0.26,0.89,0.95,1.23,1.08,1.05,0.97
St. Helens,E08000013,North West,E12000002,England,1.29,1.09,1.07,0.95,0.99,1.39,0.88,0.89,0.63,2.95,1.01,1.02,1.09,0.99,0.80,2.43,1.29,1.44,1.34,0.25,0.71,0.74,0.76,1.13,1.05,0.96
Sefton,E08000014,North West,E12000002,England,0.37,1.03,1.08,0.93,0.96,0.91,0.87,0.89,0.62,2.46,0.95,1.05,1.07,0.96,0.89,2.43,1.29,1.39,2.94,0.29,0.83,0.89,1.03,1.09,1.06,0.96
Wirral,E08000015,North West,E12000002,England,1.51,1.14,0.99,1.03,0.91,1.03,0.89,0.90,0.62,2.36,0.95,1.04,1.07,0.99,0.87,2.43,1.29,1.41,1.72,0.30,0.69,1.14,1.02,1.05,1.05,0.97
Barnsley,E08000016,Yorkshire and the Humber,E12000003,England,2.54,1.13,1.17,1.09,0.91,1.45,0.87,0.87,0.57,2.99,1.01,1.01,1.09,0.98,0.87,1.51,3.38,1.51,2.92,0.23,0.66,2.19,1.51,1.16,1.05,0.96
Doncaster,E08000017,Yorkshire and the Humber,E12000003,England,2.10,1.23,0.98,2.01,0.91,1.18,0.86,0.87,0.57,3.19,1.00,1.03,1.09,0.95,0.84,1.51,3.38,1.49,2.97,0.24,0.83,2.07,0.80,1.11,1.04,0.97
Rotherham,E08000018,Yorkshire and the Humber,E12000003,England,1.49,1.20,0.87,1.04,1.08,1.45,0.85,0.85,0.55,3.00,0.98,1.01,1.09,1.00,0.82,1.51,3.38,1.50,4.99,0.23,0.74,0.54,1.20,1.07,1.05,0.97
Sheffield,E08000019,Yorkshire and the Humber,E12000003,England,1.25,1.11,1.08,0.83,0.90,1.47,0.87,0.88,0.60,1.82,0.96,1.04,1.08,0.93,0.88,1.51,3.38,1.39,1.68,0.28,0.65,0.84,0.95,1.04,1.05,0.96
Newcastle upon Tyne,E08000021,North East,E12000001,England,1.20,1.16,0.91,0.92,0.90,1.03,0.88,0.89,0.66,1.80,0.94,1.06,1.04,0.94,0.92,1.15,1.48,1.40,2.81,0.25,0.86,0.61,1.02,1.00,1.06,0.96
North Tyneside,E08000022,North East,E12000001,England,1.24,1.08,1.20,1.07,0.89,1.35,0.89,0.91,0.63,2.08,0.94,1.04,1.12,0.93,0.94,1.15,1.48,1.46,2.14,0.27,0.88,0.66,0.97,1.04,1.05,0.96
South Tyneside,E08000023,North East,E12000001,England,1.04,1.01,1.09,1.18,0.81,1.48,0.86,0.89,0.60,2.57,0.96,1.00,1.10,0.94,0.85,1.15,1.48,1.49,1.71,0.23,1.00,0.96,0.98,1.02,1.06,0.96
Sunderland,E08000024,North East,E12000001,England,1.31,1.05,1.47,1.14,0.82,1.17,0.87,0.89,0.61,2.47,0.99,1.01,1.10,0.99,1.00,1.15,1.48,1.47,3.94,0.26,0.53,1.07,1.18,1.05,1.06,0.96
Birmingham,E08000025,West Midlands,E12000005,England,1.67,1.06,0.89,0.90,0.93,1.19,0.80,0.81,0.62,2.22,0.95,1.02,1.07,0.97,0.82,13.60,1.48,1.54,1.64,0.27,0.66,0.75,0.92,1.07,1.06,0.97
Coventry,E08000026,West Midlands,E12000005,England,0.76,1.07,0.90,1.08,0.76,1.48,0.88,0.88,0.65,2.20,0.96,1.04,1.11,0.93,0.79,13.60,1.48,1.46,1.44,0.29,0.50,0.45,0.94,1.04,1.05,0.96
Dudley,E08000027,West Midlands,E12000005,England,1.34,1.06,1.43,1.90,1.14,2.44,0.83,0.84,0.55,2.83,0.90,1.03,1.07,0.98,0.87,13.60,1.48,1.46,2.37,0.29,0.44,2.08,1.00,1.11,1.04,0.96
Sandwell,E08000028,West Midlands,E12000005,England,1.46,1.17,0.85,0.78,0.93,1.51,0.82,0.83,0.59,2.79,1.01,1.01,1.07,0.97,0.95,13.60,1.48,1.45,2.43,0.25,0.67,1.21,0.98,1.18,1.06,0.96
Solihull,E08000029,West Midlands,E12000005,England,0.25,1.16,1.11,1.28,0.93,1.04,0.85,0.85,0.58,2.90,0.85,1.05,1.14,0.99,0.79,13.60,1.48,1.56,1.09,0.26,0.50,1.36,1.11,0.98,1.04,0.96
Walsall,E08000030,West Midlands,E12000005,England,0.96,1.09,1.24,1.66,0.95,0.99,0.82,0.82,0.56,2.87,0.93,1.01,1.09,0.97,0.89,13.60,1.48,1.40,2.58,0.28,0.67,1.51,1.09,1.10,1.05,0.96
Wolverhampton,E08000031,West Midlands,E12000005,England,1.71,1.18,0.86,1.16,0.91,0.99,0.85,0.86,0.61,2.60,0.96,1.02,1.08,0.94,0.98,13.60,1.48,1.45,1.51,0.40,0.82,1.29,0.72,1.13,1.06,0.96
Bradford,E08000032,Yorkshire and the Humber,E12000003,England,0.89,1.00,1.04,0.85,0.82,1.51,0.79,0.79,0.58,2.67,0.94,1.02,1.11,0.99,0.86,1.51,3.38,1.40,1.89,0.26,0.84,1.02,1.05,1.06,1.05,0.97
Calderdale,E08000033,Yorkshire and the Humber,E12000003,England,1.40,1.04,1.04,0.98,0.96,1.54,0.86,0.87,0.60,2.65,0.97,1.02,1.10,0.99,0.87,1.51,3.38,1.44,2.27,0.33,0.89,0.84,1.10,1.14,1.05,0.96
Kirklees,E08000034,Yorkshire and the Humber,E12000003,England,1.08,1.16,1.28,1.27,0.91,1.24,0.82,0.83,0.58,2.65,0.93,1.03,1.09,0.98,0.81,1.51,3.38,1.42,1.64,0.29,0.68,0.94,1.11,1.07,1.05,0.96
Leeds,E08000035,Yorkshire and the Humber,E12000003,England,0.99,1.07,1.00,1.09,0.96,1.07,0.88,0.89,0.65,2.17,0.92,1.04,1.09,0.95,0.86,1.51,3.38,1.38,1.49,0.27,0.71,0.86,0.91,1.03,1.05,0.96
Wakefield,E08000036,Yorkshire and the Humber,E12000003,England,1.80,1.08,1.09,0.98,0.89,1.28,0.87,0.88,0.59,3.07,0.97,1.02,1.09,0.95,0.85,1.51,3.38,1.45,1.99,0.23,0.91,1.00,0.90,1.10,1.05,0.96
Gateshead,E08000037,North East,E12000001,England,1.32,1.13,0.86,0.93,0.98,1.18,0.88,0.90,0.63,2.28,0.96,1.02,1.08,0.94,0.96,1.15,1.48,1.41,2.33,0.24,1.06,0.53,1.16,1.05,1.05,0.96
"London, City of",E09000001,London,E12000007,England,0.00,#NULL!,#NULL!,#NULL!,#NULL!,#NULL!,0.89,0.89,0.80,1.32,0.89,1.19,1.15,0.87,#NULL!,2.12,1.49,2.27,#NULL!,0.16,#NULL!,#NULL!,#NULL!,1.00,#NULL!,0.99
Barking and Dagenham,E09000002,London,E12000007,England,1.95,1.21,1.11,0.97,1.24,0.87,0.82,0.81,0.60,2.82,1.00,1.02,1.13,0.94,0.95,2.12,1.49,1.43,1.42,0.33,0.82,1.79,1.64,1.05,1.06,0.97
Barnet,E09000003,London,E12000007,England,0.70,1.05,0.89,1.03,0.98,0.79,0.85,0.85,0.64,2.28,0.89,1.08,1.14,0.95,1.00,2.12,1.49,1.44,1.55,0.27,0.80,0.82,0.97,1.02,1.04,0.97
Bexley,E09000004,London,E12000007,England,1.52,1.28,0.65,0.99,0.92,1.41,0.87,0.87,0.63,2.82,0.90,1.04,1.15,0.99,0.84,2.12,1.49,1.42,2.93,0.33,0.61,0.44,0.88,1.04,1.05,0.97
Brent,E09000005,London,E12000007,England,1.60,1.03,1.19,1.38,0.72,1.03,0.84,0.83,0.68,2.46,0.97,1.05,1.17,0.91,0.85,2.12,1.49,1.44,1.82,0.29,0.68,1.94,1.02,1.05,1.06,0.97
Bromley,E09000006,London,E12000007,England,0.87,1.08,0.95,0.89,1.10,1.73,0.87,0.87,0.65,2.53,0.86,1.06,1.17,0.98,0.84,2.12,1.49,1.53,1.01,0.35,0.61,0.88,0.85,1.01,1.04,0.97
Camden,E09000007,London,E12000007,England,0.63,1.24,0.75,0.73,0.95,1.42,0.86,0.86,0.75,1.69,0.89,1.03,1.05,0.98,0.79,2.12,1.49,1.46,0.44,0.27,1.39,0.60,1.09,1.01,1.06,0.97
Croydon,E09000008,London,E12000007,England,1.44,1.12,0.74,0.93,0.84,1.38,0.88,0.89,0.70,2.44,0.95,1.01,1.18,0.95,0.95,2.12,1.49,1.41,2.05,0.37,1.06,1.21,1.10,1.07,1.05,0.97
Ealing,E09000009,London,E12000007,England,1.16,1.17,0.86,1.03,1.10,1.15,0.83,0.83,0.68,2.38,0.95,1.05,1.15,0.92,0.95,2.12,1.49,1.37,0.98,0.27,0.63,1.24,0.95,1.07,1.05,0.97
Enfield,E09000010,London,E12000007,England,0.66,1.00,0.85,0.73,0.75,0.93,0.84,0.84,0.65,2.60,0.95,1.02,1.13,0.99,0.86,2.12,1.49,1.56,2.02,0.31,0.62,1.14,0.92,1.08,1.05,0.97
Greenwich,E09000011,London,E12000007,England,1.00,1.15,1.02,1.24,0.87,1.39,0.88,0.88,0.71,2.16,0.95,1.02,1.12,0.93,0.94,2.12,1.49,1.44,3.36,0.45,1.04,0.88,1.18,1.03,1.05,0.97
Hackney,E09000012,London,E12000007,England,0.63,1.20,0.92,1.03,1.06,0.96,0.93,0.94,0.82,1.88,0.97,0.99,1.09,0.94,1.03,2.12,1.49,1.42,0.94,0.32,0.97,2.76,1.17,1.07,1.06,0.97
Hammersmith and Fulham,E09000013,London,E12000007,England,1.52,1.29,1.28,0.91,0.96,1.17,0.91,0.91,0.80,1.86,0.94,1.04,1.07,0.97,0.84,2.12,1.49,1.37,0.40,0.36,0.85,1.49,1.13,1.03,1.06,0.98
Haringey,E09000014,London,E12000007,England,1.53,1.12,0.62,0.84,0.76,0.98,0.89,0.90,0.74,1.87,1.01,1.05,1.14,0.92,0.94,2.12,1.49,1.38,1.11,0.33,1.85,0.71,1.11,1.09,1.06,0.97
Harrow,E09000015,Yorkshire and the Humber,E12000003,England,0.90,0.98,0.71,0.85,0.93,0.90,0.82,0.81,0.62,2.70,0.87,1.09,1.17,0.91,0.81,1.51,3.38,1.48,3.10,0.28,0.67,1.05,1.10,0.98,1.04,0.97
Havering,E09000016,London,E12000007,England,2.55,1.09,0.76,0.82,0.87,1.31,0.85,0.85,0.60,3.15,0.89,1.04,1.15,0.99,0.82,2.12,1.49,1.44,1.78,0.31,0.57,0.82,1.00,1.03,1.05,0.97
Hillingdon,E09000017,London,E12000007,England,0.46,1.13,1.10,0.99,0.91,1.90,0.84,0.84,0.65,3.03,0.92,1.05,1.16,0.94,0.81,2.12,1.49,1.50,2.08,0.26,0.29,0.63,0.81,1.04,1.05,0.97
Hounslow,E09000018,London,E12000007,England,0.41,0.98,0.87,0.92,0.97,0.71,0.83,0.82,0.65,2.77,0.92,1.07,1.15,0.90,0.95,2.12,1.49,1.37,2.85,0.28,0.55,0.95,0.70,1.04,1.05,0.97
Islington,E09000019,London,E12000007,England,1.95,1.28,0.65,0.83,1.00,1.10,0.90,0.90,0.80,1.79,0.94,0.95,1.08,0.97,0.95,2.12,1.49,1.38,1.55,0.31,0.89,0.92,1.16,1.03,1.05,0.97
Kensington and Chelsea,E09000020,London,E12000007,England,1.28,1.32,0.92,0.55,0.78,1.91,0.86,0.85,0.73,1.76,0.86,1.06,1.04,0.96,#NULL!,2.12,1.49,1.52,1.83,0.39,1.08,0.21,0.85,1.00,1.04,0.98
Kingston upon Thames,E09000021,London,E12000007,England,0.65,1.08,0.70,0.93,1.10,1.07,0.86,0.86,0.66,2.24,0.86,1.04,1.11,0.99,0.67,2.12,1.49,1.40,1.19,0.32,0.92,0.89,1.03,1.01,1.04,0.97
Lambeth,E09000022,London,E12000007,England,0.37,0.91,0.94,1.33,0.94,0.93,0.92,0.93,0.81,1.87,0.95,0.98,1.12,0.95,0.91,2.12,1.49,1.49,1.74,0.39,0.91,2.04,0.93,1.04,1.07,0.97
Lewisham,E09000023,London,E12000007,England,1.78,0.95,0.83,1.05,0.96,1.42,0.91,0.93,0.77,1.95,0.99,1.00,1.11,0.97,1.00,2.12,1.49,1.51,1.74,0.49,1.16,1.53,0.94,1.08,1.06,0.97
Merton,E09000024,London,E12000007,England,1.68,1.14,0.78,1.09,0.96,1.45,0.86,0.86,0.69,2.40,0.94,1.05,1.16,0.94,0.84,2.12,1.49,1.48,3.06,0.30,0.73,0.45,0.98,1.05,1.05,0.97
Newham,E09000025,London,E12000007,England,0.89,1.06,0.65,0.78,0.94,1.18,0.79,0.78,0.66,2.31,0.93,1.02,1.16,0.92,0.92,2.12,1.49,1.39,1.86,0.28,0.74,0.55,1.16,1.00,1.05,0.97
Redbridge,E09000026,London,E12000007,England,0.61,1.20,1.16,1.04,0.77,1.84,0.79,0.79,0.62,2.67,0.88,1.06,1.19,0.94,0.82,2.12,1.49,1.39,2.73,0.26,0.58,0.57,1.07,0.99,1.05,0.97
Richmond upon Thames,E09000027,London,E12000007,England,2.21,1.26,0.72,0.93,0.95,0.64,0.86,0.86,0.67,2.35,0.88,1.07,1.08,0.96,0.75,2.12,1.49,1.53,1.11,0.36,0.64,0.46,1.08,1.00,1.05,0.98
Southwark,E09000028,London,E12000007,England,0.93,1.06,0.88,0.90,0.92,0.89,0.90,0.90,0.77,1.79,0.92,0.96,1.12,0.93,0.93,2.12,1.49,1.41,0.79,0.35,1.25,3.75,0.96,1.01,1.06,0.97
Sutton,E09000029,London,E12000007,England,1.10,1.18,0.87,1.00,1.18,0.84,0.86,0.86,0.64,2.77,0.92,1.06,1.15,0.96,1.02,2.12,1.49,1.47,1.47,0.32,0.49,0.90,0.94,1.06,1.05,0.97
Tower Hamlets,E09000030,London,E12000007,England,2.13,1.18,0.92,0.76,0.89,1.06,0.81,0.81,0.76,2.02,0.87,0.97,1.09,0.94,0.91,2.12,1.49,1.35,1.25,0.28,0.36,0.84,1.32,0.98,1.04,0.97
Waltham Forest,E09000031,London,E12000007,England,0.98,1.02,1.17,0.97,1.08,0.86,0.87,0.87,0.71,2.19,1.03,1.02,1.15,0.93,0.90,2.12,1.49,1.40,1.42,0.30,1.14,0.74,0.92,1.10,1.06,0.97
Wandsworth,E09000032,London,E12000007,England,1.80,1.11,0.89,0.80,0.80,1.13,0.91,0.91,0.81,2.11,0.93,1.02,1.11,0.99,0.86,2.12,1.49,1.45,0.99,0.38,1.07,1.30,1.15,1.02,1.05,0.98
Westminster,E09000033,London,E12000007,England,1.83,1.08,1.36,0.90,1.04,0.63,0.85,0.84,0.76,1.76,0.89,1.04,1.06,0.96,0.95,2.12,1.49,1.39,0.87,0.24,0.93,0.52,0.88,1.01,1.03,0.98
Antrim and Newtownabbey,N09000001,Northern Ireland,N92000002,Northern Ireland,1.51,#NULL!,#NULL!,#NULL!,#NULL!,#NULL!,0.88,0.89,0.60,2.89,1.00,1.01,1.12,1.04,0.97,1.88,3.62,1.26,2.88,0.23,0.54,0.85,1.04,1.15,1.05,0.97
"Armagh City, Banbridge and Craigavon",N09000002,Northern Ireland,N92000002,Northern Ireland,2.14,#NULL!,#NULL!,#NULL!,#NULL!,#NULL!,0.85,0.85,0.56,3.38,1.10,1.00,1.05,1.03,1.03,1.88,3.62,1.22,4.11,0.21,0.41,1.19,0.82,1.29,1.05,0.97
Belfast,N09000003,Northern Ireland,N92000002,Northern Ireland,1.33,#NULL!,#NULL!,#NULL!,#NULL!,#NULL!,0.89,0.92,0.64,2.15,0.94,1.04,1.11,0.89,0.96,1.88,3.62,1.25,1.67,0.24,0.46,0.97,0.85,1.03,1.06,0.97
Causeway Coast and Glens,N09000004,Northern Ireland,N92000002,Northern Ireland,0.91,#NULL!,#NULL!,#NULL!,#NULL!,#NULL!,0.84,0.85,0.55,3.03,1.13,0.97,1.06,1.09,1.00,1.88,3.62,1.31,2.69,0.22,0.60,0.80,1.21,1.33,1.04,0.97
Derry City and Strabane,N09000005,Northern Ireland,N92000002,Northern Ireland,0.65,#NULL!,#NULL!,#NULL!,#NULL!,#NULL!,0.86,0.88,0.59,2.68,1.04,0.97,1.14,1.00,0.92,1.88,3.62,1.25,2.70,0.19,0.60,2.11,1.20,1.24,1.05,0.97
Fermanagh and Omagh,N09000006,Northern Ireland,N92000002,Northern Ireland,2.88,#NULL!,#NULL!,#NULL!,#NULL!,#NULL!,0.83,0.84,0.58,3.49,1.27,0.98,1.06,1.05,1.04,1.88,3.62,1.28,4.37,0.17,0.43,1.33,1.50,1.43,1.05,0.98
Lisburn and Castlereagh,N09000007,Northern Ireland,N92000002,Northern Ireland,0.80,#NULL!,#NULL!,#NULL!,#NULL!,#NULL!,0.89,0.90,0.62,2.69,0.98,1.04,1.13,0.98,1.01,1.88,3.62,1.39,3.24,0.21,0.38,1.13,1.03,1.12,1.04,0.97
Mid and East Antrim,N09000008,Northern Ireland,N92000002,Northern Ireland,0.88,#NULL!,#NULL!,#NULL!,#NULL!,#NULL!,0.86,0.87,0.57,3.20,1.01,0.99,1.12,1.01,1.05,1.88,3.62,1.26,2.39,0.26,0.38,0.85,0.88,1.17,1.04,0.97
Mid Ulster,N09000009,Northern Ireland,N92000002,Northern Ireland,1.32,#NULL!,#NULL!,#NULL!,#NULL!,#NULL!,0.83,0.83,0.54,3.97,1.27,0.99,1.12,1.00,0.93,1.88,3.62,1.25,3.85,0.22,0.54,1.02,0.83,1.48,1.04,0.98
"Newry, Mourne and Down",N09000010,Northern Ireland,N92000002,Northern Ireland,1.24,#NULL!,#NULL!,#NULL!,#NULL!,#NULL!,0.84,0.86,0.57,3.39,1.16,1.00,1.04,1.06,0.99,1.88,3.62,1.33,4.80,0.25,0.46,0.66,0.78,1.36,1.05,0.98
Ards and North Down,N09000011,Northern Ireland,N92000002,Northern Ireland,1.64,#NULL!,#NULL!,#NULL!,#NULL!,#NULL!,0.88,0.89,0.60,2.86,0.93,1.04,1.12,0.98,0.95,1.88,3.62,1.24,2.48,0.26,0.54,1.06,1.04,1.07,1.04,0.96
Clackmannanshire,S12000005,Scotland,S92000003,Scotland,0.34,1.09,0.52,0.63,0.86,1.20,#NULL!,#NULL!,#NULL!,#NULL!,#NULL!,#NULL!,#NULL!,#NULL!,0.76,2.53,1.91,#NULL!,2.14,0.27,0.64,13.87,0.87,#NULL!,1.06,#NULL!
Dumfries and Galloway,S12000006,Scotland,S92000003,Scotland,3.27,1.13,1.47,1.12,1.15,1.19,#NULL!,#NULL!,#NULL!,#NULL!,#NULL!,#NULL!,#NULL!,#NULL!,0.95,2.53,1.91,#NULL!,1.57,0.25,0.48,0.70,1.04,#NULL!,1.04,#NULL!
East Ayrshire,S12000008,Scotland,S92000003,Scotland,2.12,1.07,0.92,0.96,0.87,0.95,#NULL!,#NULL!,#NULL!,#NULL!,#NULL!,#NULL!,#NULL!,#NULL!,0.90,2.53,1.91,#NULL!,1.45,0.26,0.68,0.97,1.14,#NULL!,1.06,#NULL!
East Lothian,S12000010,Scotland,S92000003,Scotland,0.60,1.02,1.15,1.14,0.87,1.06,#NULL!,#NULL!,#NULL!,#NULL!,#NULL!,#NULL!,#NULL!,#NULL!,0.83,2.53,1.91,#NULL!,1.28,0.27,0.57,0.59,0.81,#NULL!,1.05,#NULL!
East Renfrewshire,S12000011,Scotland,S92000003,Scotland,0.72,1.12,0.88,1.08,1.01,0.98,#NULL!,#NULL!,#NULL!,#NULL!,#NULL!,#NULL!,#NULL!,#NULL!,0.75,2.53,1.91,#NULL!,1.22,0.32,0.64,1.17,1.04,#NULL!,1.06,#NULL!
Na h-Eileanan Siar,S12000013,Scotland,S92000003,Scotland,1.66,1.07,0.97,0.91,0.80,1.63,#NULL!,#NULL!,#NULL!,#NULL!,#NULL!,#NULL!,#NULL!,#NULL!,0.96,2.53,1.91,#NULL!,3.44,0.25,0.12,1.67,1.06,#NULL!,1.06,#NULL!
Falkirk,S12000014,Scotland,S92000003,Scotland,1.37,1.15,1.05,1.13,1.08,0.97,#NULL!,#NULL!,#NULL!,#NULL!,#NULL!,#NULL!,#NULL!,#NULL!,1.02,2.53,1.91,#NULL!,2.04,0.27,0.58,0.85,0.92,#NULL!,1.05,#NULL!
Highland,S12000017,Scotland,S92000003,Scotland,0.25,1.26,0.92,0.67,1.11,1.11,#NULL!,#NULL!,#NULL!,#NULL!,#NULL!,#NULL!,#NULL!,#NULL!,0.93,3.69,2.24,#NULL!,1.84,0.24,0.61,0.70,0.91,#NULL!,1.06,#NULL!
Inverclyde,S12000018,Scotland,S92000003,Scotland,1.02,1.08,0.81,0.83,0.96,1.11,#NULL!,#NULL!,#NULL!,#NULL!,#NULL!,#NULL!,#NULL!,#NULL!,1.06,2.53,1.91,#NULL!,0.52,0.26,0.47,1.27,1.18,#NULL!,1.06,#NULL!
Midlothian,S12000019,Scotland,S92000003,Scotland,0.30,1.06,0.92,0.90,0.95,0.85,#NULL!,#NULL!,#NULL!,#NULL!,#NULL!,#NULL!,#NULL!,#NULL!,0.96,2.53,1.91,#NULL!,2.43,0.28,0.64,1.56,1.86,#NULL!,1.05,#NULL!
Moray,S12000020,Scotland,S92000003,Scotland,10.38,1.08,1.15,1.33,0.71,0.93,#NULL!,#NULL!,#NULL!,#NULL!,#NULL!,#NULL!,#NULL!,#NULL!,0.75,2.53,1.91,#NULL!,0.91,0.23,0.53,1.22,1.00,#NULL!,1.04,#NULL!
North Ayrshire,S12000021,Scotland,S92000003,Scotland,1.90,1.02,1.00,1.09,0.80,0.99,#NULL!,#NULL!,#NULL!,#NULL!,#NULL!,#NULL!,#NULL!,#NULL!,1.03,2.53,1.91,#NULL!,3.11,0.24,0.43,0.40,1.21,#NULL!,1.06,#NULL!
Orkney Islands,S12000023,Scotland,S92000003,Scotland,0.38,1.07,0.97,0.91,0.80,#NULL!,#NULL!,#NULL!,#NULL!,#NULL!,#NULL!,#NULL!,#NULL!,#NULL!,0.80,2.53,1.91,#NULL!,2.16,0.30,0.62,3.70,0.63,#NULL!,1.04,#NULL!
Scottish Borders,S12000026,Scotland,S92000003,Scotland,1.26,1.07,1.09,1.36,1.09,1.00,#NULL!,#NULL!,#NULL!,#NULL!,#NULL!,#NULL!,#NULL!,#NULL!,0.91,2.53,1.91,#NULL!,1.98,0.29,0.79,0.95,0.94,#NULL!,1.04,#NULL!
Shetland Islands,S12000027,Scotland,S92000003,Scotland,1.42,1.07,0.97,0.91,0.80,0.61,#NULL!,#NULL!,#NULL!,#NULL!,#NULL!,#NULL!,#NULL!,#NULL!,1.00,2.53,1.91,#NULL!,#NULL!,0.20,0.28,1.71,1.18,#NULL!,1.03,#NULL!
South Ayrshire,S12000028,Scotland,S92000003,Scotland,1.24,1.18,0.67,1.02,1.07,0.89,#NULL!,#NULL!,#NULL!,#NULL!,#NULL!,#NULL!,#NULL!,#NULL!,0.82,2.53,1.91,#NULL!,2.48,0.26,0.12,1.38,1.34,#NULL!,1.06,#NULL!
South Lanarkshire,S12000029,Scotland,S92000003,Scotland,1.62,1.07,1.01,0.68,1.16,1.11,#NULL!,#NULL!,#NULL!,#NULL!,#NULL!,#NULL!,#NULL!,#NULL!,0.97,2.53,1.91,#NULL!,2.31,0.26,0.64,1.15,1.06,#NULL!,1.05,#NULL!
Stirling,S12000030,Scotland,S92000003,Scotland,1.01,1.02,0.86,1.08,1.10,1.15,#NULL!,#NULL!,#NULL!,#NULL!,#NULL!,#NULL!,#NULL!,#NULL!,1.01,2.53,1.91,#NULL!,1.13,0.28,0.35,1.17,0.81,#NULL!,1.06,#NULL!
Aberdeen City,S12000033,Scotland,S92000003,Scotland,1.15,1.09,0.81,1.02,0.98,1.26,#NULL!,#NULL!,#NULL!,#NULL!,#NULL!,#NULL!,#NULL!,#NULL!,0.99,2.53,1.91,#NULL!,1.43,0.21,0.50,1.05,1.15,#NULL!,1.06,#NULL!
Aberdeenshire,S12000034,Scotland,S92000003,Scotland,1.52,1.17,0.76,1.02,0.89,0.81,#NULL!,#NULL!,#NULL!,#NULL!,#NULL!,#NULL!,#NULL!,#NULL!,0.99,2.53,1.91,#NULL!,2.08,0.22,0.75,0.69,0.83,#NULL!,1.04,#NULL!
Argyll and Bute,S12000035,Scotland,S92000003,Scotland,0.14,1.03,0.82,0.97,0.85,0.83,#NULL!,#NULL!,#NULL!,#NULL!,#NULL!,#NULL!,#NULL!,#NULL!,0.85,2.53,1.91,#NULL!,1.64,0.29,0.38,1.09,1.01,#NULL!,1.05,#NULL!
"Edinburgh, City of",S12000036,Scotland,S92000003,Scotland,0.88,1.01,0.89,0.95,1.17,1.69,#NULL!,#NULL!,#NULL!,#NULL!,#NULL!,#NULL!,#NULL!,#NULL!,0.88,2.53,1.91,#NULL!,1.34,0.30,0.75,0.88,1.06,#NULL!,1.05,#NULL!
Renfrewshire,S12000038,Scotland,S92000003,Scotland,0.34,1.06,1.13,0.92,0.94,0.85,#NULL!,#NULL!,#NULL!,#NULL!,#NULL!,#NULL!,#NULL!,#NULL!,0.85,2.53,1.91,#NULL!,1.50,0.26,0.59,0.82,1.05,#NULL!,1.06,#NULL!
West Dunbartonshire,S12000039,Scotland,S92000003,Scotland,0.12,1.05,0.86,1.01,1.06,0.88,#NULL!,#NULL!,#NULL!,#NULL!,#NULL!,#NULL!,#NULL!,#NULL!,0.83,2.53,1.91,#NULL!,0.35,0.26,0.69,1.92,0.63,#NULL!,1.06,#NULL!
West Lothian,S12000040,Scotland,S92000003,Scotland,0.52,1.05,0.89,0.79,0.93,1.08,#NULL!,#NULL!,#NULL!,#NULL!,#NULL!,#NULL!,#NULL!,#NULL!,0.95,2.53,1.91,#NULL!,2.04,0.26,0.94,0.50,0.79,#NULL!,1.04,#NULL!
Angus,S12000041,Scotland,S92000003,Scotland,4.53,1.13,1.00,0.93,0.93,0.94,#NULL!,#NULL!,#NULL!,#NULL!,#NULL!,#NULL!,#NULL!,#NULL!,0.78,2.53,1.91,#NULL!,1.46,0.21,0.56,0.92,1.07,#NULL!,1.05,#NULL!
Dundee City,S12000042,Scotland,S92000003,Scotland,0.64,1.10,1.31,0.89,0.95,0.97,#NULL!,#NULL!,#NULL!,#NULL!,#NULL!,#NULL!,#NULL!,#NULL!,1.09,2.53,1.91,#NULL!,3.42,0.22,0.53,1.07,1.07,#NULL!,1.08,#NULL!
East Dunbartonshire,S12000045,Scotland,S92000003,Scotland,1.38,1.05,0.91,1.13,1.17,0.91,#NULL!,#NULL!,#NULL!,#NULL!,#NULL!,#NULL!,#NULL!,#NULL!,0.96,2.53,1.91,#NULL!,2.33,0.29,0.47,0.75,1.02,#NULL!,1.04,#NULL!
Fife,S12000047,Scotland,S92000003,Scotland,0.80,1.11,1.15,0.99,0.83,0.90,#NULL!,#NULL!,#NULL!,#NULL!,#NULL!,#NULL!,#NULL!,#NULL!,0.93,2.53,1.91,#NULL!,2.05,0.26,0.53,1.07,0.97,#NULL!,1.06,#NULL!
Perth and Kinross,S12000048,Scotland,S92000003,Scotland,1.07,1.19,1.24,0.96,1.03,1.25,#NULL!,#NULL!,#NULL!,#NULL!,#NULL!,#NULL!,#NULL!,#NULL!,0.83,2.53,1.91,#NULL!,1.97,0.27,0.18,0.99,0.90,#NULL!,1.05,#NULL!
"Glasgow, City of",S12000049,Scotland,S92000003,Scotland,1.08,1.02,0.69,0.76,1.05,1.23,#NULL!,#NULL!,#NULL!,#NULL!,#NULL!,#NULL!,#NULL!,#NULL!,0.87,2.53,1.91,#NULL!,1.63,0.26,0.63,0.81,0.98,#NULL!,1.07,#NULL!
North Lanarkshire,S12000050,Scotland,S92000003,Scotland,1.35,1.08,0.92,0.89,1.09,0.57,#NULL!,#NULL!,#NULL!,#NULL!,#NULL!,#NULL!,#NULL!,#NULL!,0.87,2.53,1.91,#NULL!,1.69,0.24,0.57,0.88,1.14,#NULL!,1.06,#NULL!
Isle of Anglesey,W06000001,Wales,W92000004,Wales,2.01,1.05,0.91,0.72,1.02,1.60,0.85,0.86,0.58,2.36,0.99,1.02,1.09,0.96,1.04,8.02,2.20,1.27,2.64,0.28,0.40,2.60,0.96,1.11,1.05,0.96
Gwynedd,W06000002,Wales,W92000004,Wales,1.08,1.09,0.71,0.86,0.98,1.39,0.86,0.87,0.58,2.31,1.08,1.02,1.10,0.95,0.96,8.02,2.20,1.40,1.87,0.30,0.64,1.50,0.82,1.17,1.05,0.96
Conwy,W06000003,Wales,W92000004,Wales,1.60,1.13,1.39,1.06,0.96,1.02,0.86,0.88,0.61,2.34,1.00,1.04,1.07,0.99,0.95,8.02,2.20,1.33,2.16,0.29,0.62,0.85,0.68,1.11,1.06,0.96
Denbighshire,W06000004,Wales,W92000004,Wales,1.33,1.08,0.89,0.96,1.09,1.12,0.87,0.89,0.62,2.61,1.05,1.03,1.09,0.98,0.92,8.02,2.20,1.37,3.16,0.26,0.60,0.94,0.93,1.18,1.04,0.95
Flintshire,W06000005,Wales,W92000004,Wales,0.91,1.05,0.99,0.94,1.00,0.91,0.88,0.89,0.60,3.00,0.99,1.03,1.16,0.96,0.85,8.02,2.20,1.38,1.26,0.28,0.49,0.68,0.92,1.10,1.04,0.96
Wrexham,W06000006,Wales,W92000004,Wales,1.20,1.08,0.78,0.78,0.86,1.21,0.89,0.90,0.60,2.91,1.05,1.01,1.12,0.94,0.92,8.02,2.20,1.43,0.55,0.27,0.40,0.33,0.92,1.16,1.04,0.97
Ceredigion,W06000008,Wales,W92000004,Wales,#NULL!,1.16,1.07,0.90,1.11,1.45,0.88,0.88,0.61,1.83,1.08,1.04,1.13,0.94,1.00,8.02,2.20,1.31,0.75,0.31,0.41,1.38,1.15,1.18,1.06,0.96
Pembrokeshire,W06000009,Wales,W92000004,Wales,1.45,1.18,0.65,0.81,1.07,1.25,0.84,0.85,0.53,2.90,0.98,1.03,1.13,0.94,0.87,8.02,2.20,1.40,2.35,0.32,0.25,1.28,1.17,1.10,1.05,0.96
Carmarthenshire,W06000010,Wales,W92000004,Wales,2.31,1.12,1.03,1.40,1.05,1.24,0.87,0.88,0.61,2.49,1.05,1.02,1.11,0.96,0.95,8.02,2.20,1.31,2.55,0.23,0.44,0.68,0.95,1.17,1.05,0.96
Swansea,W06000011,Wales,W92000004,Wales,0.94,1.06,1.02,0.97,0.93,1.28,0.89,0.90,0.61,1.94,0.99,1.06,1.10,0.90,0.97,8.02,2.20,1.35,1.80,0.25,0.74,1.01,1.09,1.08,1.06,0.95
Neath Port Talbot,W06000012,Wales,W92000004,Wales,1.72,1.11,0.93,1.04,1.16,1.60,0.87,0.89,0.59,2.77,1.02,0.99,1.13,1.02,0.85,8.02,2.20,1.46,0.92,0.25,0.67,1.13,0.85,1.11,1.05,0.95
Bridgend,W06000013,Wales,W92000004,Wales,0.84,1.17,1.04,0.99,0.91,1.09,0.89,0.90,0.61,2.71,0.99,1.03,1.10,1.02,0.73,8.02,2.20,1.40,1.71,0.22,0.38,0.83,0.86,1.09,1.05,0.96
Vale of Glamorgan,W06000014,Wales,W92000004,Wales,0.40,1.05,1.01,1.32,0.89,1.20,0.88,0.89,0.61,2.24,0.93,1.04,1.14,1.02,1.00,8.02,2.20,1.37,2.40,0.34,1.08,1.50,0.92,1.05,1.05,0.96
Cardiff,W06000015,Wales,W92000004,Wales,0.65,1.02,0.75,1.08,1.02,1.28,0.87,0.88,0.66,1.83,0.93,1.05,1.11,0.95,0.86,8.02,2.20,1.37,1.91,0.26,0.76,1.04,0.96,1.01,1.06,0.96
Rhondda Cynon Taf,W06000016,Wales,W92000004,Wales,1.60,1.06,0.95,1.31,0.82,1.16,0.87,0.88,0.59,2.58,1.00,1.01,1.08,1.05,0.99,8.02,2.20,1.39,2.44,0.25,0.97,1.14,0.95,1.13,1.05,0.96
Caerphilly,W06000018,Wales,W92000004,Wales,0.90,1.10,0.81,0.98,0.82,0.95,0.87,0.88,0.61,2.81,1.00,1.01,1.11,1.03,0.84,8.02,2.20,1.30,2.67,0.26,0.64,0.85,1.06,1.14,1.05,0.95
Blaenau Gwent,W06000019,Wales,W92000004,Wales,0.02,1.21,0.90,0.94,1.01,0.77,0.86,0.88,0.60,2.85,1.09,0.97,1.12,1.01,0.86,8.02,2.20,1.32,0.97,0.21,0.43,0.40,0.92,1.28,1.05,0.95
Torfaen,W06000020,Wales,W92000004,Wales,0.72,1.20,1.37,1.31,1.06,1.06,0.86,0.88,0.59,2.82,1.00,1.00,1.12,0.99,0.97,8.02,2.20,1.36,1.41,0.28,0.74,0.48,0.85,1.13,1.04,0.95
Monmouthshire,W06000021,Wales,W92000004,Wales,3.82,1.16,0.87,0.78,0.94,0.99,0.87,0.88,0.58,2.53,0.92,1.05,1.09,0.94,0.80,8.02,2.20,1.51,3.39,0.29,1.00,0.75,1.31,1.05,1.04,0.96
Newport,W06000022,Wales,W92000004,Wales,3.25,1.13,0.98,1.22,1.05,0.84,0.86,0.87,0.61,2.67,0.97,1.03,1.11,0.95,0.85,8.02,2.20,1.42,1.40,0.24,0.50,0.90,1.21,1.06,1.05,0.95
Powys,W06000023,Wales,W92000004,Wales,3.15,1.00,1.11,0.94,0.92,1.76,0.85,0.85,0.54,2.84,1.06,1.03,1.11,0.94,0.87,8.02,2.20,1.38,3.07,0.28,0.45,0.89,1.06,1.21,1.04,0.96
Merthyr Tydfil,W06000024,Wales,W92000004,Wales,1.05,1.13,1.10,1.92,0.81,0.98,0.88,0.89,0.61,2.52,1.04,0.97,1.14,1.03,0.89,8.02,2.20,1.35,3.48,0.20,0.58,0.15,0.87,1.22,1.05,0.96