lad_code,lad_name,region_name,country,index_m,paid_work_m,money_m,unpaid_work_m,power_m,education_m,health_m,index_RatioMM,paid_work_RatioMM,money_RatioMM,unpaid_work_RatioMM,power_RatioMM,education_RatioMM,health_RatioMM,index_w,paid_work_w,money_w,unpaid_work_w,power_w,education_w,health_w
E07000137,East Lindsey,East Midlands,England,0.3013,0.3406,0.3569,0.3795,0.4544,0.2766,0.0000,0.7124,0.9025,0.7772,0.2157,0.4826,0.9071,0.9892,0.2962,0.3115,0.3963,0.3597,0.4670,0.2381,0.0045
E06000018,Nottingham,East Midlands,England,0.3150,0.3288,0.3402,0.2854,0.5287,0.2223,0.1847,0.8166,0.8726,0.7830,0.6438,0.7451,0.8811,0.9739,0.3149,0.3827,0.3848,0.4182,0.3117,0.2799,0.1123
W06000024,Merthyr Tydfil,Wales,Wales,0.3182,0.3387,0.4399,0.2377,0.4894,0.1804,0.2230,0.7193,0.8126,0.7618,0.3305,0.5503,0.8929,0.9676,0.2706,0.4584,0.4459,0.2960,0.1727,0.1324,0.1183
E06000009,Blackpool,North West,England,0.3247,0.3980,0.3668,0.3915,0.5486,0.2226,0.0208,0.8534,0.9307,0.9018,0.6399,0.7188,0.9438,0.9852,0.3079,0.4047,0.2289,0.5697,0.3911,0.2470,0.0062
E08000017,Doncaster,Yorkshire and the Humber,England,0.3437,0.3058,0.3656,0.3883,0.4508,0.2430,0.3088,0.7539,0.8162,0.6968,0.6110,0.5059,0.9021,0.9915,0.3518,0.5105,0.4718,0.3957,0.1801,0.2322,0.3202
W06000016,Rhondda Cynon Taf,Wales,Wales,0.3497,0.4453,0.4621,0.2003,0.4798,0.2465,0.2640,0.7948,0.8815,0.7953,0.5030,0.7555,0.8674,0.9660,0.3473,0.4844,0.5122,0.4008,0.3112,0.2253,0.1498
E08000016,Barnsley,Yorkshire and the Humber,England,0.3565,0.3565,0.3598,0.4473,0.4126,0.2621,0.3007,0.7368,0.9151,0.7069,0.5545,0.4500,0.8194,0.9752,0.3767,0.4137,0.4807,0.4159,0.3713,0.3478,0.2308
W06000019,Blaenau Gwent,Wales,Wales,0.3570,0.3816,0.4088,0.5093,0.5383,0.1738,0.1303,0.7575,0.9110,0.7550,0.5085,0.6211,0.7876,0.9615,0.2591,0.4176,0.4051,0.3279,0.2724,0.1317,0.0000
W06000012,Neath Port Talbot,Wales,Wales,0.3595,0.3317,0.4839,0.4030,0.5199,0.2859,0.1327,0.7856,0.9192,0.7420,0.5713,0.7310,0.7747,0.9753,0.3457,0.4971,0.4612,0.3381,0.3141,0.3950,0.0686
N09000005,Derry City and Strabane,Northern Ireland,Northern Ireland,0.3619,0.1478,0.2876,0.4125,0.5194,0.5486,0.2553,0.7677,0.9193,0.7160,0.5005,0.6029,0.8954,0.9724,0.3647,0.2185,0.3695,0.4203,0.4185,0.5885,0.1731
W06000008,Ceredigion,Wales,Wales,0.3634,0.4492,0.3536,0.4210,0.4413,0.3678,0.1476,0.7711,0.8943,0.7930,0.4275,0.7192,0.8136,0.9789,0.3671,0.5738,0.4205,0.2102,0.4346,0.4635,0.1000
E08000012,Liverpool,North West,England,0.3636,0.3592,0.4098,0.4163,0.6129,0.2083,0.1750,0.8494,0.9326,0.9041,0.6427,0.6750,0.9657,0.9766,0.3598,0.4620,0.2853,0.6398,0.4673,0.1886,0.1158
W06000003,Conwy,Wales,Wales,0.3647,0.3661,0.4419,0.2770,0.4496,0.3056,0.3479,0.7789,0.9335,0.7815,0.4019,0.6975,0.8868,0.9720,0.3489,0.4276,0.4781,0.3298,0.2410,0.3560,0.2607
N09000003,Belfast,Northern Ireland,Northern Ireland,0.3665,0.2264,0.2679,0.5016,0.5892,0.3745,0.2392,0.7908,0.9283,0.7304,0.5309,0.7326,0.8482,0.9743,0.3622,0.3090,0.3704,0.3949,0.4205,0.5118,0.1667
W06000004,Denbighshire,Wales,Wales,0.3668,0.3883,0.4075,0.2533,0.5265,0.3049,0.3202,0.7776,0.9292,0.7727,0.3472,0.7721,0.8748,0.9694,0.3506,0.4709,0.4254,0.3393,0.3691,0.2782,0.2207
E07000138,Lincoln,East Midlands,England,0.3677,0.3903,0.4248,0.4052,0.5659,0.2242,0.1957,0.7416,0.9098,0.7541,0.4452,0.6324,0.7389,0.9690,0.3733,0.3715,0.4342,0.4523,0.4604,0.4229,0.0988
E06000021,Stoke-on-Trent,West Midlands,England,0.3684,0.4174,0.5574,0.1912,0.4784,0.2434,0.3223,0.7524,0.8977,0.8497,0.3550,0.6171,0.8209,0.9740,0.3929,0.4024,0.4249,0.6213,0.3308,0.3322,0.2457
E07000076,Tendring,East of England,England,0.3685,0.3857,0.5043,0.4206,0.4328,0.2940,0.1738,0.7080,0.8960,0.7676,0.4507,0.4961,0.6647,0.9725,0.3759,0.3793,0.3917,0.3301,0.4953,0.5641,0.0948
E07000033,Bolsover,East Midlands,England,0.3696,0.4726,0.4638,0.1912,0.5693,0.2796,0.2409,0.7184,0.9177,0.7273,0.4515,0.5243,0.7139,0.9756,0.3749,0.4489,0.4339,0.4921,0.2310,0.4685,0.1747
W06000001,Isle of Anglesey,Wales,Wales,0.3732,0.4293,0.3913,0.3373,0.3559,0.2937,0.4314,0.7325,0.9009,0.7955,0.3011,0.6267,0.7913,0.9796,0.3609,0.3910,0.4588,0.3192,0.3024,0.3138,0.3800
E06000010,"Kingston upon Hull, City of",Yorkshire and the Humber,England,0.3733,0.4907,0.2754,0.4686,0.4664,0.2041,0.3348,0.8218,0.8960,0.7127,0.8737,0.6512,0.8222,0.9750,0.3216,0.3478,0.4033,0.3950,0.2182,0.3018,0.2631
W06000018,Caerphilly,Wales,Wales,0.3742,0.4713,0.5005,0.2576,0.4917,0.2713,0.2528,0.7748,0.9182,0.7458,0.3805,0.7627,0.8763,0.9653,0.3371,0.4339,0.4812,0.3497,0.3409,0.2815,0.1356
W06000009,Pembrokeshire,Wales,Wales,0.3760,0.4131,0.4170,0.3757,0.3791,0.3364,0.3346,0.7402,0.8829,0.7520,0.2667,0.7371,0.8212,0.9812,0.3559,0.4149,0.4123,0.2177,0.3782,0.4186,0.2938
E07000145,Great Yarmouth,East of England,England,0.3762,0.3387,0.4775,0.4232,0.4415,0.3508,0.2256,0.7632,0.8934,0.7742,0.5800,0.4230,0.9288,0.9798,0.3120,0.3620,0.3763,0.3116,0.2222,0.4192,0.1806
W06000002,Gwynedd,Wales,Wales,0.3771,0.4270,0.3411,0.2983,0.4010,0.3303,0.4651,0.7656,0.9108,0.7845,0.4338,0.6867,0.8029,0.9746,0.3787,0.4715,0.3740,0.3525,0.2896,0.3975,0.3872
W06000010,Carmarthenshire,Wales,Wales,0.3823,0.3981,0.4437,0.3432,0.4738,0.3528,0.2824,0.7509,0.8771,0.7880,0.3199,0.7052,0.8462,0.9690,0.3716,0.5187,0.4856,0.3618,0.2738,0.4070,0.1825
S12000006,Dumfries and Galloway,Scotland,Scotland,0.3829,0.3920,0.1585,0.4413,0.4727,0.4499,,0.7480,0.8819,0.7360,0.5054,0.7203,0.8962,,0.3575,0.5241,0.1000,0.3530,0.3296,0.4810,
E08000024,Sunderland,North East,England,0.3829,0.4318,0.4527,0.5420,0.4552,0.1919,0.2237,0.8130,0.9058,0.8693,0.5518,0.6820,0.8998,0.9693,0.3122,0.4172,0.3598,0.4326,0.3131,0.2228,0.1275
E07000174,Mansfield,East Midlands,England,0.3839,0.4046,0.4261,0.3845,0.5261,0.2656,0.2967,0.7795,0.8951,0.7734,0.5809,0.7215,0.7287,0.9775,0.3831,0.4838,0.4568,0.2986,0.4374,0.3841,0.2383
W06000011,Swansea,Wales,Wales,0.3922,0.4235,0.4361,0.2905,0.4957,0.3600,0.3472,0.8024,0.9466,0.7955,0.4752,0.7851,0.8432,0.9688,0.3931,0.4395,0.4870,0.3848,0.3727,0.4310,0.2437
E07000170,Ashfield,East Midlands,England,0.3965,0.4122,0.4837,0.3536,0.5643,0.2570,0.3083,0.7542,0.8857,0.7359,0.4187,0.7081,0.8013,0.9756,0.3653,0.4815,0.4654,0.3451,0.3659,0.2933,0.2405
E07000148,Norwich,East of England,England,0.3967,0.3989,0.4143,0.4058,0.4926,0.3895,0.2788,0.8065,0.9136,0.8160,0.6336,0.6027,0.8930,0.9802,0.3730,0.4370,0.3658,0.3575,0.3369,0.5064,0.2342
S12000041,Angus,Scotland,Scotland,0.3981,0.4539,0.2787,0.3862,0.3957,0.4761,,0.7564,0.9155,0.6559,0.5445,0.7589,0.9071,,0.3148,0.3664,0.1062,0.3172,0.2606,0.5235,
E06000002,Middlesbrough,North East,England,0.3982,0.3803,0.4575,0.6052,0.3992,0.1547,0.3923,0.7791,0.8847,0.8320,0.6543,0.4139,0.9187,0.9710,0.3397,0.4341,0.3133,0.5335,0.2810,0.1778,0.2985
E08000018,Rotherham,Yorkshire and the Humber,England,0.3985,0.3952,0.3898,0.3886,0.5674,0.2755,0.3743,0.7445,0.9113,0.6886,0.5330,0.5338,0.8241,0.9763,0.3976,0.5058,0.4845,0.4289,0.3218,0.3369,0.3077
E06000016,Leicester,East Midlands,England,0.4020,0.3808,0.3480,0.3554,0.5534,0.2533,0.5211,0.8025,0.8807,0.7716,0.6183,0.6856,0.9014,0.9573,0.3669,0.4217,0.3771,0.4331,0.2948,0.3229,0.3517
E07000136,Boston,East Midlands,England,0.4040,0.4230,0.3819,0.3714,0.6230,0.2192,0.4054,0.7395,0.9219,0.7525,0.3726,0.7307,0.6728,0.9865,0.4174,0.4047,0.3891,0.4297,0.4543,0.4368,0.3900
W06000020,Torfaen,Wales,Wales,0.4046,0.3576,0.4516,0.3454,0.6101,0.3510,0.3120,0.7846,0.8831,0.7899,0.5245,0.6397,0.9080,0.9624,0.3779,0.5200,0.5063,0.3999,0.3431,0.3200,0.1779
W06000023,Powys,Wales,Wales,0.4058,0.4525,0.3721,0.3122,0.5345,0.3685,0.3947,0.7487,0.9301,0.7550,0.2989,0.7693,0.7575,0.9814,0.4036,0.4273,0.3697,0.3426,0.4390,0.4897,0.3534
E08000030,Walsall,West Midlands,England,0.4074,0.3370,0.5907,0.2383,0.5236,0.3188,0.4364,0.7690,0.8443,0.8355,0.3760,0.6194,0.9715,0.9672,0.4175,0.4271,0.4419,0.5780,0.3909,0.3449,0.3218
E08000031,Wolverhampton,West Midlands,England,0.4080,0.3695,0.5533,0.2798,0.5377,0.2499,0.4578,0.8049,0.8886,0.8669,0.5183,0.6317,0.9647,0.9592,0.4079,0.4047,0.4436,0.6202,0.3882,0.2893,0.3012
E07000239,Wyre Forest,West Midlands,England,0.4083,0.2960,0.6356,0.3191,0.4712,0.3177,0.4105,0.7512,0.8870,0.8366,0.2220,0.7418,0.8388,0.9811,0.4298,0.3026,0.4889,0.5175,0.4931,0.4095,0.3675
S12000049,"Glasgow, City of",Scotland,Scotland,0.4089,0.5314,0.2743,0.3912,0.5239,0.3238,,0.7542,0.8976,0.7000,0.5473,0.7428,0.8832,,0.3409,0.4096,0.1715,0.3806,0.3616,0.3811,
E07000034,Chesterfield,East Midlands,England,0.4097,0.4722,0.4588,0.3224,0.6205,0.3306,0.2535,0.8153,0.9117,0.7240,0.6667,0.6434,0.9708,0.9750,0.3688,0.4499,0.4215,0.4409,0.3756,0.3412,0.1841
E08000028,Sandwell,West Midlands,England,0.4106,0.4004,0.5526,0.2613,0.6242,0.1566,0.4685,0.7632,0.8769,0.8663,0.3864,0.6846,0.8033,0.9619,0.4103,0.4554,0.4412,0.6182,0.3883,0.2334,0.3251
E07000121,Lancaster,North West,England,0.4106,0.4261,0.4798,0.3706,0.5119,0.4409,0.2345,0.7779,0.9521,0.8545,0.4892,0.6061,0.7858,0.9799,0.3813,0.4574,0.2858,0.5730,0.4412,0.3410,0.1896
S12000019,Midlothian,Scotland,Scotland,0.4121,0.6070,0.2490,0.3893,0.3555,0.4598,,0.7280,0.9316,0.7419,0.4809,0.5911,0.8944,,0.4144,0.5560,0.2091,0.4574,0.4003,0.4490,
S12000042,Dundee City,Scotland,Scotland,0.4128,0.5594,0.1593,0.3694,0.5412,0.4346,,0.7485,0.9171,0.7122,0.4047,0.7693,0.9389,,0.3978,0.4954,0.2045,0.3982,0.4045,0.4864,
N09000004,Causeway Coast and Glens,Northern Ireland,Northern Ireland,0.4143,0.2043,0.2405,0.4364,0.5880,0.6632,0.3533,0.7830,0.8664,0.7444,0.5005,0.6972,0.9101,0.9791,0.4167,0.2536,0.3565,0.4728,0.4275,0.6882,0.3016
S12000050,North Lanarkshire,Scotland,Scotland,0.4161,0.4410,0.2815,0.4427,0.5468,0.3684,,0.7379,0.9125,0.7052,0.5199,0.7455,0.8063,,0.3676,0.4932,0.1873,0.4218,0.3928,0.3427,
E06000027,Torbay,South West,England,0.4194,0.4259,0.5778,0.3460,0.5375,0.3948,0.2344,0.7820,0.9003,0.7692,0.4512,0.6896,0.9004,0.9814,0.4275,0.3771,0.5495,0.6450,0.3348,0.4618,0.1970
S12000008,East Ayrshire,Scotland,Scotland,0.4209,0.5255,0.2334,0.3987,0.5480,0.3990,,0.7913,0.9227,0.7258,0.5904,0.7691,0.9484,,0.3795,0.5318,0.1679,0.3941,0.4344,0.3695,
E08000021,Newcastle upon Tyne,North East,England,0.4217,0.4563,0.4696,0.4879,0.5846,0.2857,0.2460,0.8333,0.9049,0.8599,0.6946,0.6105,0.9588,0.9712,0.3490,0.4659,0.3640,0.4772,0.3096,0.3192,0.1579
E08000032,Bradford,Yorkshire and the Humber,England,0.4235,0.4824,0.3765,0.4318,0.5287,0.1859,0.5355,0.7941,0.8787,0.7069,0.6761,0.7303,0.8042,0.9682,0.3738,0.3754,0.4964,0.3970,0.3157,0.2363,0.4221
W06000013,Bridgend,Wales,Wales,0.4237,0.4578,0.5462,0.4048,0.5643,0.3099,0.2593,0.7646,0.9269,0.7091,0.3630,0.7243,0.8758,0.9885,0.3698,0.5143,0.4678,0.3163,0.3172,0.3469,0.2564
E08000004,Oldham,North West,England,0.4242,0.4183,0.4705,0.4444,0.4814,0.2426,0.4880,0.7778,0.8930,0.8741,0.5355,0.5699,0.8204,0.9741,0.3931,0.4903,0.3049,0.5045,0.3685,0.2833,0.4068
E07000123,Preston,North West,England,0.4249,0.4687,0.4715,0.4417,0.4915,0.2663,0.4099,0.7542,0.9314,0.8641,0.4177,0.4210,0.9150,0.9758,0.3394,0.4651,0.2878,0.5298,0.1276,0.2860,0.3399
E08000011,Knowsley,North West,England,0.4260,0.4503,0.5184,0.4397,0.5975,0.1899,0.3602,0.7813,0.9073,0.8683,0.4669,0.6470,0.8310,0.9671,0.3877,0.5224,0.3472,0.5779,0.4186,0.2125,0.2479
E07000030,Eden,North West,England,0.4267,0.4894,0.4374,0.2973,0.2710,0.4604,0.6046,0.7375,0.8949,0.8516,0.3594,0.4570,0.8758,0.9864,0.4711,0.4958,0.2398,0.5750,0.3878,0.5434,0.5850
E06000017,Rutland,East Midlands,England,0.4276,0.4522,0.5673,0.3857,0.4872,0.6290,0.0438,0.7287,0.9030,0.6981,0.5278,0.4223,0.9069,0.9139,0.4987,0.5719,0.4810,0.3495,0.3973,0.6495,0.5429
E08000027,Dudley,West Midlands,England,0.4292,0.3952,0.6339,0.3425,0.4882,0.2635,0.4523,0.7010,0.8166,0.8312,0.3117,0.5893,0.6837,0.9733,0.4678,0.5947,0.4782,0.5989,0.3848,0.3820,0.3680
E06000047,County Durham,North East,England,0.4299,0.4002,0.5044,0.5881,0.5884,0.3192,0.1789,0.8234,0.9275,0.8318,0.6311,0.6803,0.8895,0.9804,0.3319,0.4460,0.3640,0.4369,0.3339,0.2728,0.1378
E08000023,South Tyneside,North East,England,0.4313,0.4366,0.4965,0.5120,0.6346,0.2143,0.2939,0.8409,0.9004,0.8193,0.8189,0.7257,0.8091,0.9720,0.3568,0.4056,0.3387,0.4936,0.3688,0.3258,0.2084
E07000130,Charnwood,East Midlands,England,0.4313,0.4615,0.5394,0.2394,0.5642,0.3449,0.4385,0.7944,0.9229,0.7508,0.5124,0.7038,0.8854,0.9908,0.4592,0.5392,0.5382,0.5079,0.4040,0.3215,0.4444
E08000005,Rochdale,North West,England,0.4316,0.4391,0.4594,0.4287,0.5666,0.2343,0.4612,0.7950,0.9215,0.8961,0.5911,0.5897,0.7896,0.9821,0.3753,0.4455,0.3202,0.5426,0.3349,0.1866,0.4222
W06000022,Newport,Wales,Wales,0.4330,0.4813,0.5185,0.3588,0.3907,0.3502,0.4984,0.7772,0.9006,0.7607,0.4462,0.7321,0.8622,0.9613,0.3921,0.6100,0.5195,0.2970,0.2402,0.3354,0.3506
E07000166,Richmondshire,Yorkshire and the Humber,England,0.4333,0.5747,0.3109,0.4600,0.5934,0.4724,0.1882,0.6889,0.8870,0.6996,0.3981,0.4473,0.7692,0.9324,0.4244,0.5798,0.4248,0.2653,0.3585,0.3236,0.5947
E07000236,Redditch,West Midlands,England,0.4333,0.4391,0.6105,0.3117,0.3216,0.3005,0.6165,0.7319,0.8912,0.8762,0.4737,0.4827,0.6952,0.9723,0.4572,0.4336,0.5176,0.5475,0.2548,0.4678,0.5220
E07000147,North Norfolk,East of England,England,0.4342,0.3478,0.4090,0.5369,0.6456,0.4669,0.1993,0.7609,0.8944,0.7993,0.4892,0.5976,0.7922,0.9929,0.4152,0.3689,0.4203,0.3285,0.4995,0.6554,0.2188
E08000003,Manchester,North West,England,0.4344,0.5086,0.3671,0.3397,0.6678,0.2724,0.4506,0.8441,0.9191,0.8857,0.6436,0.6963,0.9485,0.9713,0.3923,0.5101,0.2147,0.6087,0.3808,0.2832,0.3564
S12000038,Renfrewshire,Scotland,Scotland,0.4347,0.6183,0.2942,0.4404,0.4319,0.3890,,0.7565,0.9338,0.6859,0.5509,0.7282,0.8838,,0.3788,0.5644,0.1691,0.4066,0.3296,0.4242,
E08000019,Sheffield,Yorkshire and the Humber,England,0.4348,0.4845,0.3451,0.4879,0.5964,0.3503,0.3445,0.7878,0.8971,0.7151,0.6357,0.6872,0.8174,0.9742,0.4046,0.4912,0.4767,0.3637,0.3692,0.4582,0.2684
E07000038,North East Derbyshire,East Midlands,England,0.4353,0.4820,0.5228,0.3683,0.5807,0.3232,0.3351,0.7318,0.9075,0.7342,0.4178,0.6564,0.6881,0.9867,0.4310,0.4552,0.5000,0.4181,0.4340,0.4570,0.3218
E07000032,Amber Valley,East Midlands,England,0.4356,0.5113,0.5024,0.2478,0.4319,0.4337,0.4863,0.7764,0.9007,0.7622,0.4737,0.7332,0.8138,0.9749,0.4270,0.4702,0.5207,0.5098,0.2999,0.3520,0.4093
E07000029,Copeland,North West,England,0.4365,0.4387,0.5620,0.4538,0.3768,0.5012,0.2866,0.7620,0.8831,0.8534,0.4913,0.5610,0.7939,0.9894,0.3637,0.4595,0.3680,0.4614,0.2187,0.3870,0.2876
E08000037,Gateshead,North East,England,0.4367,0.4657,0.4729,0.4744,0.6184,0.2984,0.2903,0.8263,0.9304,0.8624,0.7471,0.5430,0.8988,0.9762,0.3773,0.4757,0.3707,0.5131,0.3227,0.3556,0.2259
E07000175,Newark and Sherwood,East Midlands,England,0.4376,0.4373,0.4909,0.3545,0.5335,0.4217,0.3876,0.7755,0.8814,0.7377,0.4512,0.6980,0.8969,0.9878,0.4288,0.5038,0.4750,0.4185,0.3457,0.4510,0.3789
E08000036,Wakefield,Yorkshire and the Humber,England,0.4381,0.4844,0.3782,0.4252,0.6214,0.3100,0.4093,0.8119,0.9278,0.7004,0.6914,0.7082,0.8653,0.9785,0.4005,0.4148,0.4893,0.4284,0.3272,0.3902,0.3529
W06000006,Wrexham,Wales,Wales,0.4389,0.4564,0.4654,0.4798,0.5539,0.3285,0.3493,0.7478,0.8862,0.7729,0.3573,0.6256,0.8500,0.9949,0.3601,0.4232,0.4876,0.2014,0.3334,0.3382,0.3770
S12000014,Falkirk,Scotland,Scotland,0.4392,0.5407,0.2183,0.4259,0.5916,0.4198,,0.7661,0.8935,0.7544,0.4879,0.7578,0.9369,,0.4362,0.6874,0.2124,0.4446,0.4115,0.4251,
E06000001,Hartlepool,North East,England,0.4403,0.4404,0.5166,0.5397,0.6413,0.2268,0.2772,0.7345,0.8775,0.8349,0.4389,0.5217,0.7661,0.9680,0.3454,0.4569,0.3840,0.4462,0.2438,0.3689,0.1724
E07000143,Breckland,East of England,England,0.4407,0.4224,0.4926,0.4383,0.5335,0.3707,0.3867,0.7815,0.8935,0.7761,0.4277,0.7279,0.8707,0.9930,0.3895,0.4323,0.3890,0.3250,0.3267,0.4596,0.4046
E07000120,Hyndburn,North West,England,0.4408,0.4350,0.5022,0.4431,0.5965,0.2991,0.3689,0.8142,0.9321,0.8137,0.5609,0.6268,0.9743,0.9773,0.4211,0.4411,0.2463,0.5259,0.4717,0.5343,0.3074
S12000020,Moray,Scotland,Scotland,0.4428,0.6191,0.2260,0.5174,0.3601,0.4915,,0.7466,0.7979,0.6444,0.6125,0.7574,0.9206,,0.3363,0.5351,0.0410,0.3595,0.2524,0.4936,
E08000014,Sefton,North West,England,0.4439,0.4789,0.5057,0.3397,0.6395,0.2894,0.4103,0.8273,0.9402,0.8778,0.5282,0.7166,0.9302,0.9709,0.4103,0.4454,0.3445,0.6016,0.4485,0.3063,0.3154
E06000012,North East Lincolnshire,Yorkshire and the Humber,England,0.4442,0.4157,0.3814,0.5702,0.5564,0.3748,0.3668,0.7741,0.8325,0.6620,0.5695,0.6536,0.9532,0.9739,0.3920,0.4552,0.4416,0.3587,0.3910,0.4176,0.2883
S12000021,North Ayrshire,Scotland,Scotland,0.4449,0.5314,0.2292,0.4083,0.6526,0.4031,,0.7203,0.9013,0.7457,0.3837,0.6137,0.9572,,0.3863,0.4490,0.2386,0.3899,0.4610,0.3932,
E06000053,Isles of Scilly,South West,England,0.4470,0.5316,0.5405,0.5727,0.0000,,0.5904,0.6281,0.9251,0.6876,0.2542,0.3001,,0.9733,0.4914,0.5204,0.5227,0.5727,0.0547,,0.7865
S12000029,South Lanarkshire,Scotland,Scotland,0.4470,0.5408,0.2562,0.3812,0.6060,0.4511,,0.7517,0.8253,0.7540,0.4894,0.7664,0.9233,,0.4247,0.4933,0.2357,0.4334,0.4799,0.4814,
E07000146,King's Lynn and West Norfolk,East of England,England,0.4473,0.4073,0.4817,0.4839,0.5160,0.4276,0.3672,0.7492,0.8919,0.8006,0.4147,0.5441,0.8616,0.9826,0.3975,0.4099,0.4126,0.2902,0.4309,0.5088,0.3328
E07000195,Newcastle-under-Lyme,West Midlands,England,0.4479,0.4611,0.6182,0.3204,0.6191,0.3164,0.3522,0.7437,0.9111,0.8455,0.2558,0.6896,0.7907,0.9695,0.4462,0.4596,0.4823,0.6467,0.4111,0.4255,0.2523
W06000015,Cardiff,Wales,Wales,0.4482,0.5192,0.4777,0.2776,0.6064,0.3858,0.4226,0.7967,0.9377,0.7572,0.4683,0.7872,0.8599,0.9703,0.4358,0.5584,0.4743,0.3835,0.4270,0.4471,0.3243
E06000026,Plymouth,South West,England,0.4483,0.4090,0.5840,0.3426,0.6726,0.3065,0.3750,0.7707,0.8876,0.7992,0.5292,0.5790,0.8624,0.9665,0.4598,0.5037,0.5937,0.6881,0.3600,0.3542,0.2593
E08000025,Birmingham,West Midlands,England,0.4485,0.4268,0.6023,0.3034,0.6278,0.2555,0.4753,0.7800,0.9067,0.8253,0.4460,0.6456,0.8902,0.9659,0.4122,0.4109,0.4365,0.5939,0.3523,0.3273,0.3522
E07000192,Cannock Chase,West Midlands,England,0.4491,0.5013,0.6464,0.2151,0.4257,0.4560,0.4502,0.7574,0.9056,0.8513,0.3906,0.5387,0.8904,0.9681,0.4409,0.4771,0.5168,0.6437,0.2243,0.4443,0.3394
S12000026,Scottish Borders,Scotland,Scotland,0.4493,0.5807,0.2192,0.3895,0.5320,0.5252,,0.7727,0.8618,0.7191,0.5633,0.7645,0.9549,,0.4647,0.6923,0.1428,0.4950,0.4560,0.5374,
E07000168,Scarborough,Yorkshire and the Humber,England,0.4502,0.4450,0.2942,0.7022,0.5944,0.3866,0.2790,0.7759,0.9152,0.6975,0.5503,0.5788,0.9323,0.9811,0.3635,0.4984,0.4060,0.2420,0.3169,0.4784,0.2391
E07000171,Bassetlaw,East Midlands,England,0.4503,0.4176,0.4497,0.5055,0.5951,0.4257,0.3085,0.7766,0.8944,0.7788,0.5580,0.5099,0.9254,0.9932,0.4008,0.4987,0.4882,0.3818,0.3246,0.3837,0.3279
E06000006,Halton,North West,England,0.4506,0.4546,0.5011,0.4098,0.6840,0.2626,0.3915,0.8008,0.9348,0.8670,0.5368,0.7174,0.7771,0.9718,0.4244,0.5170,0.3249,0.6326,0.3925,0.3776,0.3018
E07000062,Hastings,North East,England,0.4509,0.4682,0.4506,0.6335,0.5923,0.2777,0.2831,0.7977,0.9503,0.8542,0.5816,0.7246,0.6962,0.9794,0.3783,0.4106,0.3376,0.3173,0.4960,0.4732,0.2348
E06000008,Blackburn with Darwen,North West,England,0.4515,0.4257,0.4160,0.4687,0.6375,0.2663,0.4948,0.7610,0.8675,0.8762,0.4043,0.5284,0.9164,0.9732,0.3486,0.3505,0.2497,0.4988,0.2834,0.3002,0.4089
E07000142,West Lindsey,East Midlands,England,0.4517,0.4373,0.5239,0.3745,0.4840,0.4370,0.4534,0.7772,0.9034,0.7220,0.4431,0.6682,0.9469,0.9796,0.4035,0.4032,0.4813,0.3976,0.2824,0.4549,0.4017
E08000001,Bolton,North West,England,0.4518,0.4087,0.4579,0.4590,0.5613,0.2892,0.5348,0.7912,0.8771,0.8859,0.4975,0.6151,0.8963,0.9752,0.3817,0.4660,0.3058,0.5198,0.2825,0.2579,0.4581
E06000013,North Lincolnshire,Yorkshire and the Humber,England,0.4528,0.4321,0.3876,0.5779,0.6089,0.2899,0.4203,0.7412,0.8785,0.6713,0.6450,0.5267,0.7537,0.9716,0.3880,0.4311,0.4561,0.3725,0.3322,0.4070,0.3288
S12000028,South Ayrshire,Scotland,Scotland,0.4542,0.4482,0.3556,0.5243,0.4781,0.4647,,0.6972,0.9212,0.6669,0.3063,0.6697,0.9219,,0.3734,0.5576,0.1963,0.2244,0.4245,0.4639,
N09000006,Fermanagh and Omagh,Northern Ireland,Northern Ireland,0.4542,0.2689,0.2867,0.4521,0.5923,0.6841,0.4411,0.7494,0.8127,0.7378,0.3960,0.6439,0.9206,0.9856,0.4796,0.3226,0.4306,0.4602,0.5024,0.7417,0.4200
E06000046,Isle of Wight,South East,England,0.4546,0.4288,0.5012,0.6844,0.4604,0.4505,0.2025,0.7653,0.9044,0.8144,0.4564,0.5026,0.9248,0.9893,0.4087,0.4016,0.3910,0.5305,0.4746,0.4505,0.2042
E08000013,St. Helens,North West,England,0.4555,0.4974,0.5419,0.4343,0.6544,0.2582,0.3465,0.8032,0.9477,0.8422,0.6234,0.5862,0.8387,0.9808,0.3804,0.4909,0.3273,0.5594,0.2999,0.3019,0.3032
E07000173,Gedling,East Midlands,England,0.4556,0.4614,0.5185,0.3695,0.5320,0.2996,0.5529,0.7448,0.8972,0.7336,0.5222,0.6894,0.6493,0.9774,0.4614,0.5492,0.4956,0.4304,0.3915,0.4144,0.4870
E07000244,East Suffolk,East of England,England,0.4563,0.4499,0.5206,0.3997,0.5503,0.4244,0.3930,0.7489,0.8713,0.7587,0.4656,0.5312,0.8812,0.9852,0.3911,0.5022,0.3902,0.3610,0.2375,0.4846,0.3712
E07000043,North Devon,South West,England,0.4568,0.4632,0.5927,0.3891,0.4594,0.3970,0.4391,0.7559,0.9152,0.7805,0.5802,0.5813,0.6852,0.9928,0.4954,0.4432,0.5804,0.5328,0.3206,0.6402,0.4553
S12000018,Inverclyde,Scotland,Scotland,0.4575,0.6242,0.2219,0.5799,0.4947,0.3667,,0.7423,0.9040,0.7249,0.4622,0.7052,0.9151,,0.3930,0.5652,0.2634,0.2925,0.4458,0.3984,
E07000235,Malvern Hills,West Midlands,England,0.4586,0.4056,0.6307,0.2379,0.4520,0.5191,0.5061,0.7599,0.8557,0.8354,0.3253,0.6710,0.8936,0.9786,0.4843,0.3717,0.4829,0.6239,0.4245,0.5553,0.4475
N09000008,Mid and East Antrim,Northern Ireland,Northern Ireland,0.4587,0.2995,0.2854,0.5273,0.6180,0.6144,0.4079,0.7876,0.9295,0.7345,0.4425,0.7410,0.9059,0.9722,0.4364,0.3348,0.4292,0.4485,0.4425,0.6436,0.3199
E07000135,Oadby and Wigston,East Midlands,England,0.4599,0.4806,0.4983,0.3367,0.6332,0.3188,0.4917,0.7387,0.8947,0.7894,0.2834,0.7666,0.7275,0.9706,0.4847,0.5192,0.5527,0.2842,0.6490,0.5105,0.3927
E08000033,Calderdale,Yorkshire and the Humber,England,0.4616,0.5464,0.3966,0.4087,0.5924,0.2851,0.5404,0.7994,0.9487,0.7101,0.6641,0.6940,0.8019,0.9779,0.4709,0.5624,0.5218,0.4172,0.4825,0.3643,0.4774
E08000015,Wirral,North West,England,0.4618,0.4506,0.5269,0.4269,0.6121,0.3622,0.3920,0.8355,0.9231,0.8699,0.5618,0.7181,0.9613,0.9789,0.4385,0.4851,0.3552,0.5833,0.4882,0.3809,0.3381
E08000008,Tameside,North West,England,0.4620,0.5503,0.5014,0.4230,0.6192,0.2318,0.4466,0.7694,0.9134,0.8409,0.4746,0.6229,0.7945,0.9701,0.4145,0.5567,0.2870,0.6295,0.3821,0.2850,0.3464
S12000033,Aberdeen City,Scotland,Scotland,0.4626,0.6852,0.2352,0.4416,0.5254,0.4255,,0.7742,0.9608,0.7579,0.5317,0.7443,0.8764,,0.4343,0.7400,0.2173,0.3482,0.3760,0.4903,
E07000128,Wyre,North West,England,0.4641,0.4299,0.6372,0.3965,0.7248,0.2890,0.3069,0.8225,0.9392,0.8330,0.6667,0.6400,0.8809,0.9755,0.4461,0.4479,0.4849,0.7234,0.4194,0.3625,0.2384
E06000003,Redcar and Cleveland,North East,England,0.4652,0.4216,0.4729,0.6459,0.6211,0.3607,0.2691,0.8326,0.9386,0.8635,0.6618,0.6061,0.9505,0.9753,0.3609,0.3890,0.3835,0.4849,0.3091,0.3983,0.2009
S12000047,Fife,Scotland,Scotland,0.4658,0.6205,0.2275,0.4331,0.5151,0.5330,,0.7600,0.9051,0.7285,0.4711,0.7742,0.9211,,0.3997,0.5133,0.1654,0.4257,0.3639,0.5302,
E06000020,Telford and Wrekin,West Midlands,England,0.4689,0.4342,0.6468,0.2659,0.5964,0.3861,0.4838,0.7923,0.8834,0.8071,0.4331,0.6946,0.9643,0.9711,0.4584,0.5287,0.4539,0.5804,0.3960,0.4045,0.3871
E07000010,Fenland,East of England,England,0.4694,0.5203,0.5497,0.4689,0.6693,0.2928,0.3152,0.7516,0.8823,0.7523,0.4516,0.7159,0.7305,0.9771,0.3771,0.4285,0.4110,0.3387,0.3983,0.4319,0.2542
S12000040,West Lothian,Scotland,Scotland,0.4695,0.7251,0.2501,0.3489,0.5884,0.4352,,0.7582,0.8896,0.7335,0.6085,0.6354,0.9240,,0.4315,0.6890,0.1975,0.5050,0.3322,0.4337,
E06000052,Cornwall,South West,England,0.4700,0.4212,0.5758,0.4787,0.5165,0.4302,0.3973,0.7937,0.9316,0.7734,0.4137,0.7034,0.9575,0.9823,0.4657,0.4240,0.5541,0.6057,0.3765,0.4731,0.3608
E06000004,Stockton-on-Tees,North East,England,0.4707,0.4323,0.5862,0.5040,0.5401,0.3346,0.4267,0.7957,0.9015,0.8060,0.6060,0.5816,0.8910,0.9882,0.4028,0.4372,0.4038,0.4761,0.3238,0.3566,0.4194
E06000014,York,Yorkshire and the Humber,England,0.4716,0.5400,0.3740,0.4519,0.6466,0.3469,0.4702,0.7626,0.8903,0.7255,0.5515,0.6948,0.7450,0.9682,0.4582,0.5075,0.5239,0.3810,0.5006,0.4771,0.3593
E06000033,Southend-on-Sea,East of England,England,0.4726,0.5408,0.6070,0.4764,0.3487,0.3077,0.5551,0.7364,0.8716,0.7973,0.4511,0.5181,0.8067,0.9733,0.4276,0.5437,0.5338,0.2742,0.3259,0.4203,0.4678
S12000035,Argyll and Bute,Scotland,Scotland,0.4730,0.6259,0.2433,0.4937,0.4786,0.5237,,0.7554,0.9277,0.6844,0.4635,0.7960,0.9052,,0.3788,0.5063,0.1165,0.3641,0.4104,0.4968,
E07000172,Broxtowe,East Midlands,England,0.4731,0.4508,0.5307,0.3250,0.6455,0.3893,0.4971,0.7940,0.8835,0.7509,0.5681,0.7252,0.8631,0.9731,0.4542,0.5252,0.5318,0.4862,0.4675,0.3041,0.4104
S12000013,Na h-Eileanan Siar,Scotland,Scotland,0.4734,0.6588,0.1748,0.5194,0.5503,0.4638,,0.6778,0.8824,0.7457,0.2671,0.6875,0.8064,,0.4209,0.6009,0.1310,0.2673,0.4941,0.6113,
E08000026,Coventry,West Midlands,England,0.4738,0.4408,0.6554,0.3475,0.6465,0.2854,0.4671,0.7457,0.8957,0.8167,0.4225,0.5579,0.8130,0.9684,0.4131,0.3773,0.4708,0.5401,0.3583,0.3747,0.3571
W06000014,Vale of Glamorgan,Wales,Wales,0.4742,0.5353,0.5114,0.1953,0.5949,0.5068,0.5013,0.7934,0.8852,0.7933,0.4900,0.7309,0.8813,0.9800,0.5245,0.5871,0.5586,0.4327,0.5545,0.5634,0.4504
E07000036,Erewash,East Midlands,England,0.4749,0.5123,0.5575,0.3737,0.5306,0.4043,0.4712,0.7661,0.9061,0.7227,0.4397,0.6309,0.9218,0.9755,0.4181,0.4809,0.5144,0.3024,0.3525,0.4607,0.3978
E07000188,Sedgemoor,South West,England,0.4751,0.4589,0.6301,0.4412,0.4508,0.3924,0.4772,0.7706,0.9106,0.7410,0.4399,0.6283,0.9228,0.9810,0.5113,0.4743,0.5597,0.6399,0.5572,0.4047,0.4317
E07000028,Carlisle,North West,England,0.4752,0.4642,0.5152,0.4631,0.5315,0.4001,0.4772,0.7279,0.8992,0.8275,0.4316,0.3510,0.8796,0.9783,0.3718,0.4822,0.2813,0.5297,0.1400,0.3801,0.4179
E07000106,Canterbury,South East,England,0.4755,0.4520,0.6796,0.6283,0.4827,0.3004,0.3101,0.7502,0.9039,0.7451,0.5105,0.5348,0.8317,0.9752,0.4346,0.4639,0.4491,0.6320,0.5339,0.2891,0.2399
E07000041,Exeter,South West,England,0.4758,0.4459,0.6387,0.3311,0.6910,0.4332,0.3150,0.7952,0.9237,0.7566,0.5649,0.6675,0.8753,0.9833,0.5196,0.4474,0.5898,0.6951,0.5140,0.5858,0.2852
S12000039,West Dunbartonshire,Scotland,Scotland,0.4773,0.5965,0.2375,0.5534,0.6390,0.3600,,0.7259,0.9624,0.6783,0.4784,0.6003,0.9101,,0.3648,0.6010,0.1018,0.3144,0.4304,0.3762,
E06000011,East Riding of Yorkshire,Yorkshire and the Humber,England,0.4773,0.4982,0.4360,0.5328,0.5606,0.3966,0.4395,0.8009,0.8984,0.6897,0.6197,0.6305,0.9792,0.9879,0.4196,0.4909,0.5320,0.3621,0.2986,0.4039,0.4304
E07000027,Barrow-in-Furness,North West,England,0.4777,0.4555,0.6209,0.3621,0.7823,0.2680,0.3772,0.7537,0.8710,0.7997,0.4776,0.6259,0.7807,0.9676,0.4053,0.4603,0.3311,0.5375,0.6570,0.1790,0.2667
E07000238,Wychavon,West Midlands,England,0.4792,0.4559,0.6554,0.2496,0.5186,0.4007,0.5950,0.7289,0.8653,0.8334,0.3374,0.5878,0.7599,0.9898,0.5439,0.4311,0.5033,0.6651,0.5445,0.5259,0.5934
W06000021,Monmouthshire,Wales,Wales,0.4795,0.5798,0.5611,0.2008,0.5321,0.5093,0.4938,0.7823,0.8751,0.7490,0.4731,0.6931,0.9238,0.9794,0.4990,0.5350,0.5471,0.4923,0.4636,0.5157,0.4401
N09000010,"Newry, Mourne and Down",Northern Ireland,Northern Ireland,0.4799,0.2921,0.2949,0.4228,0.6959,0.6725,0.5010,0.7621,0.8596,0.7440,0.4010,0.6659,0.9178,0.9843,0.4667,0.3500,0.4086,0.4216,0.4278,0.7197,0.4724
E09000002,Barking and Dagenham,London,England,0.4802,0.4669,0.5380,0.4746,0.4236,0.1738,0.8043,0.7949,0.8834,0.8550,0.6657,0.4999,0.9055,0.9602,0.4874,0.6113,0.4333,0.5886,0.4628,0.1915,0.6371
E08000035,Leeds,Yorkshire and the Humber,England,0.4808,0.5073,0.3959,0.4774,0.6362,0.3175,0.5505,0.8182,0.9245,0.7037,0.6798,0.6813,0.9413,0.9784,0.4411,0.5535,0.5125,0.3586,0.3867,0.3458,0.4898
E07000008,Cambridge,East of England,England,0.4811,0.5799,0.5439,0.4849,0.6458,0.4757,0.1563,0.8132,0.8980,0.8129,0.6251,0.7216,0.8339,0.9878,0.4191,0.5305,0.4874,0.2591,0.4711,0.6151,0.1516
N09000011,Ards and North Down,Northern Ireland,Northern Ireland,0.4818,0.3251,0.3818,0.4676,0.6612,0.6524,0.4031,0.7955,0.9125,0.7244,0.4907,0.7743,0.9036,0.9676,0.4776,0.3741,0.4762,0.4728,0.5542,0.6963,0.2919
E07000119,Fylde,North West,England,0.4820,0.4755,0.5335,0.4546,0.6111,0.4366,0.3808,0.8169,0.9206,0.8683,0.5281,0.6998,0.8898,0.9949,0.4573,0.4774,0.3579,0.6585,0.3642,0.4778,0.4083
E07000139,North Kesteven,East Midlands,England,0.4826,0.4992,0.5282,0.3743,0.5433,0.4369,0.5138,0.7605,0.8919,0.7415,0.3618,0.7151,0.8661,0.9870,0.4264,0.4477,0.5154,0.3530,0.3686,0.3749,0.4987
E08000034,Kirklees,Yorkshire and the Humber,England,0.4830,0.4771,0.4123,0.5088,0.6251,0.3443,0.5301,0.7963,0.8648,0.6929,0.6520,0.7122,0.8812,0.9744,0.4673,0.5532,0.5114,0.4058,0.4778,0.4064,0.4494
W06000005,Flintshire,Wales,Wales,0.4838,0.5166,0.5225,0.3725,0.5297,0.4092,0.5526,0.7915,0.9522,0.7459,0.4697,0.7050,0.9013,0.9749,0.4202,0.5539,0.5030,0.2867,0.3475,0.3566,0.4737
E07000196,South Staffordshire,West Midlands,England,0.4840,0.4773,0.7579,0.3733,0.4792,0.5492,0.2669,0.7792,0.9092,0.7979,0.4339,0.6063,0.9614,0.9667,0.5239,0.4851,0.5458,0.5604,0.4687,0.5930,0.4906
S12000005,Clackmannanshire,Scotland,Scotland,0.4845,0.7392,0.3141,0.4685,0.4614,0.4391,,0.6722,0.8037,0.6396,0.4998,0.5395,0.8782,,0.4219,0.5175,0.1119,0.5666,0.3872,0.5264,
E07000117,Burnley,North West,England,0.4848,0.4308,0.4425,0.4421,0.8325,0.3621,0.3987,0.7597,0.9373,0.8725,0.4735,0.5354,0.7683,0.9712,0.3715,0.4209,0.2745,0.5727,0.3912,0.2638,0.3057
E07000046,Torridge,South West,England,0.4860,0.4268,0.5892,0.3266,0.5968,0.6164,0.3600,0.7599,0.9215,0.7600,0.2207,0.6866,0.9826,0.9879,0.5049,0.4148,0.5485,0.6410,0.5203,0.5521,0.3526
E07000026,Allerdale,North West,England,0.4863,0.4421,0.5279,0.5186,0.5928,0.4214,0.4150,0.7960,0.8916,0.8269,0.5025,0.6267,0.9500,0.9784,0.3972,0.4603,0.2927,0.5352,0.3196,0.4175,0.3579
S12000036,"Edinburgh, City of",Scotland,Scotland,0.4864,0.6193,0.3077,0.4059,0.6155,0.4838,,0.7722,0.9322,0.7049,0.6313,0.7705,0.8222,,0.4731,0.6565,0.2138,0.4171,0.4909,0.5871,
E07000031,South Lakeland,North West,England,0.4866,0.4847,0.4713,0.3784,0.6816,0.3686,0.5351,0.7529,0.8909,0.8630,0.4587,0.5429,0.7712,0.9910,0.4801,0.5033,0.2917,0.6107,0.4159,0.5184,0.5407
E07000061,Eastbourne,South East,England,0.4875,0.4679,0.5498,0.6276,0.6423,0.2762,0.3610,0.8085,0.9316,0.8457,0.6790,0.6815,0.7444,0.9688,0.4545,0.3852,0.5090,0.6459,0.5129,0.4168,0.2571
E07000178,Oxford,South East,England,0.4879,0.5370,0.5472,0.5334,0.6587,0.4855,0.1656,0.8368,0.9119,0.8300,0.7885,0.5646,0.9448,0.9809,0.4702,0.5411,0.4635,0.6637,0.4537,0.5717,0.1275
E07000193,East Staffordshire,West Midlands,England,0.4880,0.5073,0.6546,0.2616,0.5598,0.4018,0.5430,0.7589,0.9010,0.8139,0.4105,0.5855,0.8514,0.9911,0.4703,0.4798,0.4721,0.5930,0.3492,0.3791,0.5487
S12000034,Aberdeenshire,Scotland,Scotland,0.4882,0.6298,0.2557,0.3694,0.6131,0.5731,,0.7565,0.9082,0.7583,0.5421,0.6789,0.8950,,0.4464,0.6249,0.2416,0.4529,0.3644,0.5479,
E07000167,Ryedale,Yorkshire and the Humber,England,0.4883,0.5305,0.2563,0.5897,0.5479,0.4787,0.5268,0.7850,0.8975,0.7180,0.5450,0.6033,0.9603,0.9860,0.4700,0.5539,0.3922,0.3207,0.4928,0.5541,0.5065
E07000140,South Holland,East Midlands,England,0.4905,0.4447,0.4590,0.4868,0.3654,0.7364,0.4506,0.7563,0.9059,0.7605,0.5379,0.4716,0.8899,0.9722,0.4243,0.3980,0.4754,0.3642,0.2676,0.6797,0.3608
E07000122,Pendle,North West,England,0.4911,0.4405,0.4052,0.5557,0.5908,0.4285,0.5257,0.7468,0.9272,0.8645,0.3913,0.6310,0.6903,0.9767,0.3627,0.4101,0.2238,0.4518,0.3837,0.2498,0.4569
E08000006,Salford,North West,England,0.4912,0.5541,0.4268,0.4437,0.6930,0.3366,0.4930,0.8197,0.8887,0.9071,0.6729,0.5082,0.9555,0.9860,0.4328,0.4919,0.3053,0.4917,0.5021,0.3328,0.4731
E07000114,Thanet,South East,England,0.4916,0.4490,0.5438,0.6307,0.7866,0.2537,0.2862,0.8484,0.9093,0.8328,0.7216,0.7414,0.9116,0.9733,0.4476,0.4630,0.4631,0.6547,0.5879,0.3095,0.2076
E07000200,Babergh,East of England,England,0.4917,0.5071,0.5138,0.3729,0.4869,0.4633,0.6063,0.7611,0.8703,0.8275,0.5690,0.5507,0.7708,0.9784,0.5083,0.5481,0.4821,0.3822,0.4730,0.6199,0.5442
E07000125,Rossendale,North West,England,0.4921,0.4972,0.5425,0.2979,0.7139,0.4129,0.4882,0.8494,0.9468,0.8712,0.5488,0.7676,0.9802,0.9818,0.5059,0.5103,0.3705,0.6868,0.7086,0.3122,0.4467
E06000051,Shropshire,West Midlands,England,0.4931,0.4878,0.6363,0.3703,0.6794,0.3430,0.4420,0.7446,0.8974,0.8254,0.3169,0.7311,0.7003,0.9964,0.4832,0.4723,0.4748,0.5147,0.4695,0.4917,0.4763
N09000002,"Armagh City, Banbridge and Craigavon",Northern Ireland,Northern Ireland,0.4936,0.3726,0.3454,0.4453,0.5991,0.6707,0.5283,0.7697,0.8814,0.7377,0.3958,0.7109,0.9159,0.9763,0.4741,0.3960,0.4875,0.4035,0.3752,0.7250,0.4574
E07000045,Teignbridge,South West,England,0.4954,0.4831,0.5957,0.4403,0.5854,0.4042,0.4639,0.7318,0.9135,0.7706,0.3232,0.6727,0.7241,0.9870,0.5194,0.4669,0.5690,0.5776,0.3971,0.6557,0.4498
E08000002,Bury,North West,England,0.4961,0.4725,0.5143,0.3869,0.6664,0.3827,0.5541,0.8250,0.9306,0.8957,0.5009,0.7055,0.9384,0.9790,0.4804,0.4618,0.4116,0.5970,0.5473,0.3678,0.4967
E07000224,Arun,South East,England,0.4968,0.4810,0.5448,0.6171,0.5770,0.3703,0.3905,0.7986,0.9216,0.8117,0.6156,0.6584,0.7960,0.9883,0.4161,0.4657,0.4312,0.5596,0.3173,0.3383,0.3845
E08000010,Wigan,North West,England,0.4968,0.4338,0.5257,0.4573,0.7226,0.3880,0.4536,0.8362,0.9104,0.8512,0.6936,0.6730,0.9069,0.9822,0.4419,0.4750,0.3249,0.5819,0.5000,0.3548,0.4149
E07000246,Somerset West and Taunton,South West,England,0.4979,0.4641,0.6199,0.4578,0.5149,0.4709,0.4599,0.7848,0.9172,0.7778,0.4290,0.6437,0.9554,0.9860,0.5196,0.4987,0.6026,0.6767,0.4040,0.4953,0.4405
E06000032,Luton,East of England,England,0.4999,0.4659,0.5328,0.4457,0.5572,0.2998,0.6981,0.7884,0.9329,0.7982,0.5774,0.6453,0.8096,0.9673,0.3836,0.3947,0.4531,0.3249,0.2810,0.2743,0.5739
E06000057,Northumberland,North East,England,0.5009,0.4443,0.5426,0.6323,0.6711,0.3906,0.3247,0.8392,0.9317,0.7964,0.7144,0.6526,0.9503,0.9899,0.4028,0.4845,0.3497,0.4186,0.4242,0.4119,0.3278
E07000118,Chorley,North West,England,0.5024,0.5176,0.6012,0.5386,0.4830,0.4034,0.4707,0.8302,0.9512,0.8666,0.7021,0.5306,0.9416,0.9893,0.4699,0.5495,0.4228,0.6481,0.2543,0.3657,0.5789
E06000015,Derby,East Midlands,England,0.5025,0.5319,0.4432,0.4289,0.7122,0.3975,0.5016,0.7886,0.9149,0.7779,0.5850,0.5370,0.9541,0.9629,0.3992,0.4735,0.4821,0.2995,0.3474,0.4306,0.3624
S12000017,Highland,Scotland,Scotland,0.5065,0.6156,0.4458,0.4043,0.6235,0.4434,,0.7164,0.7876,0.6905,0.4748,0.7062,0.9228,,0.4909,0.6281,0.5177,0.4465,0.3894,0.4729,
E07000126,South Ribble,North West,England,0.5096,0.5319,0.5364,0.4544,0.5704,0.3438,0.6208,0.8067,0.9363,0.8995,0.4734,0.7160,0.8395,0.9756,0.4670,0.5359,0.4230,0.5531,0.3359,0.4105,0.5435
E09000005,Brent,London,England,0.5105,0.4352,0.4690,0.4534,0.5131,0.4057,0.7864,0.7942,0.8441,0.8359,0.5652,0.5955,0.9568,0.9679,0.4648,0.3842,0.3253,0.5506,0.3841,0.4827,0.6621
E07000133,Melton,East Midlands,England,0.5118,0.5232,0.5393,0.4451,0.5545,0.3561,0.6523,0.7561,0.9053,0.7109,0.5627,0.5314,0.8422,0.9840,0.4581,0.5643,0.4787,0.3629,0.3155,0.4087,0.6187
E07000245,West Suffolk,East of England,England,0.5126,0.5341,0.5095,0.4362,0.5763,0.4997,0.5197,0.8024,0.8834,0.8179,0.6190,0.6554,0.8453,0.9934,0.4741,0.5806,0.4609,0.3809,0.3722,0.4437,0.6066
E07000044,South Hams,South West,England,0.5128,0.5011,0.6128,0.3032,0.6619,0.4091,0.5889,0.7352,0.9073,0.7886,0.3485,0.5663,0.8097,0.9907,0.5849,0.4737,0.6110,0.7412,0.6019,0.4896,0.5919
E06000019,"Herefordshire, County of",London,England,0.5136,0.4755,0.4565,0.5444,0.6890,0.4099,0.5061,0.8218,0.8810,0.8595,0.5187,0.7212,0.9685,0.9820,0.4670,0.5294,0.3510,0.4576,0.5635,0.4351,0.4652
N09000001,Antrim and Newtownabbey,Northern Ireland,Northern Ireland,0.5137,0.3894,0.4171,0.4475,0.6954,0.6570,0.4759,0.7990,0.9437,0.7344,0.4721,0.7504,0.9243,0.9689,0.4981,0.4391,0.5261,0.4639,0.5094,0.6814,0.3685
E07000163,Craven,Yorkshire and the Humber,England,0.5139,0.5494,0.3516,0.5099,0.6956,0.3390,0.6383,0.7401,0.9027,0.6840,0.4854,0.5708,0.8135,0.9843,0.4452,0.5827,0.4414,0.2602,0.3626,0.4176,0.6066
E07000189,South Somerset,South West,England,0.5144,0.4723,0.6222,0.4325,0.5734,0.4729,0.5130,0.8016,0.9008,0.7679,0.5509,0.7290,0.8755,0.9854,0.5460,0.4841,0.5929,0.8076,0.4150,0.4868,0.4896
E07000064,Rother,South East,England,0.5153,0.4564,0.5564,0.5864,0.6448,0.4990,0.3486,0.7899,0.9124,0.8295,0.5964,0.6556,0.7718,0.9737,0.4731,0.3562,0.4743,0.5704,0.4258,0.7423,0.2696
E07000198,Staffordshire Moorlands,West Midlands,England,0.5156,0.4796,0.6428,0.4362,0.7388,0.3167,0.4796,0.7785,0.9173,0.8777,0.3923,0.6429,0.8583,0.9823,0.4673,0.4760,0.5512,0.5455,0.5202,0.2697,0.4412
E06000045,Southampton,South East,England,0.5157,0.5154,0.5621,0.5507,0.5866,0.4187,0.4605,0.8086,0.9376,0.8244,0.6647,0.5056,0.9433,0.9762,0.5134,0.5348,0.4623,0.6701,0.5453,0.4769,0.3912
E09000020,Kensington and Chelsea,London,England,0.5162,0.6666,0.3804,0.2975,0.4204,0.5324,0.7998,0.7489,0.7613,0.8702,0.6464,0.4827,0.7414,0.9916,0.5113,0.4050,0.4143,0.4920,0.2463,0.7053,0.8047
S12000010,East Lothian,Scotland,Scotland,0.5177,0.6428,0.3011,0.4522,0.6150,0.5774,,0.7550,0.9125,0.6731,0.5817,0.6674,0.9404,,0.4183,0.5864,0.1550,0.3800,0.3637,0.6065,
E07000113,Swale,South East,England,0.5179,0.5029,0.6704,0.6368,0.5984,0.3203,0.3785,0.7862,0.9017,0.8002,0.5544,0.6140,0.8485,0.9985,0.4609,0.4988,0.5370,0.5299,0.3710,0.3895,0.4393
S12000030,Stirling,Scotland,Scotland,0.5180,0.5260,0.2289,0.5506,0.7051,0.5793,,0.7754,0.9405,0.7583,0.5449,0.7269,0.9067,,0.4730,0.5862,0.2192,0.3320,0.5503,0.6773,
E07000039,South Derbyshire,East Midlands,England,0.5185,0.5719,0.6305,0.3150,0.5174,0.4363,0.6399,0.7460,0.8976,0.7605,0.3212,0.5892,0.9329,0.9747,0.5071,0.5223,0.6459,0.4108,0.4637,0.4432,0.5570
S12000048,Perth and Kinross,Scotland,Scotland,0.5185,0.5879,0.3116,0.5518,0.5945,0.5468,,0.7292,0.9235,0.6770,0.3595,0.7894,0.8966,,0.4227,0.6002,0.1716,0.3013,0.4451,0.5952,
E07000223,Adur,South East,England,0.5198,0.5204,0.6019,0.6108,0.4394,0.4342,0.5121,0.7580,0.9351,0.8329,0.5336,0.5492,0.7289,0.9682,0.4505,0.5075,0.5149,0.4145,0.2969,0.5695,0.3997
E07000037,High Peak,East of England,England,0.5206,0.5306,0.5549,0.4744,0.6952,0.2806,0.5878,0.8122,0.9191,0.8124,0.6381,0.7172,0.8021,0.9842,0.4572,0.5153,0.4998,0.4039,0.5276,0.2398,0.5566
E07000035,Derbyshire Dales,East Midlands,England,0.5209,0.5129,0.4931,0.4695,0.6557,0.4532,0.5410,0.7400,0.9053,0.7623,0.3764,0.6136,0.7911,0.9914,0.4983,0.4795,0.5172,0.3283,0.4948,0.6213,0.5485
E09000011,Greenwich,London,England,0.5213,0.5895,0.5590,0.2896,0.5804,0.3738,0.7358,0.8080,0.8746,0.8538,0.5774,0.7253,0.8390,0.9777,0.5490,0.5794,0.4618,0.5195,0.6092,0.4580,0.6664
E07000165,Harrogate,Yorkshire and the Humber,England,0.5216,0.4125,0.4433,0.6084,0.6442,0.3996,0.6216,0.7072,0.5695,0.6873,0.5732,0.6406,0.7777,0.9948,0.5055,0.4515,0.5342,0.3160,0.5417,0.5441,0.6457
E07000042,Mid Devon,South West,England,0.5216,0.5130,0.6331,0.4420,0.5629,0.3983,0.5805,0.7261,0.9165,0.7590,0.4667,0.5484,0.6786,0.9876,0.5880,0.4871,0.5872,0.7006,0.5369,0.6487,0.5672
S12000023,Orkney Islands,Scotland,Scotland,0.5217,0.6588,0.2998,0.4391,0.4149,0.7961,,0.7070,0.8824,0.6599,0.4913,0.5235,0.9781,,0.4776,0.6009,0.1323,0.5052,0.3246,0.8252,
E06000059,Dorset,South West,England,0.5220,0.5067,0.6127,0.4419,0.6993,0.4547,0.4167,0.7818,0.9024,0.7865,0.4159,0.6843,0.9086,0.9933,0.5275,0.4746,0.6125,0.6370,0.4855,0.5199,0.4355
E09000012,Hackney,London,England,0.5224,0.5230,0.4704,0.4294,0.5231,0.3883,0.8003,0.8362,0.9316,0.8534,0.7924,0.5120,0.9544,0.9734,0.5388,0.6004,0.4325,0.5202,0.5407,0.4332,0.7055
E07000132,Hinckley and Bosworth,London,England,0.5235,0.5221,0.6362,0.4914,0.4624,0.4164,0.6124,0.8116,0.9088,0.7997,0.6318,0.6526,0.8944,0.9820,0.4701,0.5697,0.4414,0.4954,0.2911,0.4539,0.5694
E06000023,"Bristol, City of",South West,England,0.5237,0.5360,0.6450,0.3762,0.5729,0.4415,0.5703,0.8064,0.9022,0.8062,0.5246,0.7090,0.9184,0.9782,0.5572,0.6629,0.6676,0.6820,0.3711,0.4517,0.5079
E08000022,North Tyneside,North East,England,0.5239,0.5560,0.5646,0.5220,0.7271,0.3046,0.4692,0.8268,0.9208,0.8535,0.7376,0.6328,0.8457,0.9704,0.4438,0.5068,0.4538,0.5015,0.4604,0.3707,0.3696
E06000050,Cheshire West and Chester,North West,England,0.5243,0.5361,0.5781,0.5108,0.5902,0.3320,0.5984,0.7716,0.8872,0.8367,0.5236,0.6947,0.7150,0.9726,0.5050,0.6309,0.3537,0.5841,0.4696,0.4856,0.5059
E07000127,West Lancashire,North West,England,0.5259,0.4758,0.5378,0.5174,0.6840,0.4823,0.4580,0.8339,0.9283,0.8436,0.6768,0.6488,0.9528,0.9536,0.4405,0.4685,0.3278,0.5706,0.4989,0.5046,0.2724
E07000047,West Devon,South West,England,0.5260,0.4561,0.5801,0.4788,0.6440,0.6517,0.3450,0.8023,0.9206,0.7793,0.4836,0.6774,0.9615,0.9911,0.5505,0.4515,0.5651,0.7244,0.5289,0.5898,0.4432
S12000027,Shetland Islands,Scotland,Scotland,0.5271,0.6588,0.2666,0.3737,0.4858,0.8504,,0.6571,0.8824,0.7612,0.2243,0.5877,0.8297,,0.4333,0.6009,0.0000,0.2754,0.5631,0.7268,
E06000061,North Northamptonshire,East Midlands,England,0.5272,0.6191,0.5170,0.4478,0.6328,0.3390,0.6074,0.7606,0.8760,0.7566,0.3622,0.6751,0.9187,0.9747,0.4426,0.5536,0.5256,0.3026,0.4440,0.3041,0.5258
E09000025,Newham,London,England,0.5276,0.5788,0.4803,0.4239,0.5951,0.2667,0.8207,0.7890,0.8762,0.8529,0.5817,0.5653,0.8982,0.9597,0.4494,0.4364,0.3696,0.5412,0.3947,0.3043,0.6499
E07000218,North Warwickshire,West Midlands,England,0.5276,0.5466,0.7200,0.4230,0.6112,0.3646,0.5003,0.7393,0.8980,0.8386,0.5112,0.3563,0.8537,0.9780,0.4694,0.5229,0.5760,0.5600,0.2958,0.4224,0.4391
E07000144,Broadland,East of England,England,0.5281,0.4598,0.5902,0.5036,0.5786,0.4660,0.5706,0.7880,0.8886,0.7739,0.5602,0.6639,0.8590,0.9824,0.4601,0.4632,0.4794,0.3008,0.4323,0.5543,0.5306
N09000009,Mid Ulster,Northern Ireland,Northern Ireland,0.5283,0.3830,0.3153,0.4298,0.7389,0.6919,0.6107,0.7713,0.8088,0.7269,0.4428,0.7499,0.9222,0.9774,0.5079,0.3931,0.4071,0.4851,0.4972,0.7217,0.5433
E07000197,Stafford,West Midlands,England,0.5290,0.5365,0.7111,0.2607,0.6263,0.4967,0.5429,0.7415,0.8968,0.8500,0.2608,0.5847,0.8707,0.9860,0.5296,0.5152,0.5842,0.5784,0.3566,0.6208,0.5222
E07000108,Dover,South East,England,0.5293,0.4748,0.6129,0.6975,0.6846,0.3383,0.3678,0.8129,0.9045,0.8220,0.6215,0.6371,0.9086,0.9839,0.4297,0.4829,0.5157,0.5200,0.3689,0.3510,0.3398
E07000088,Gosport,South East,England,0.5294,0.5291,0.6220,0.5999,0.6149,0.3533,0.4574,0.7615,0.8782,0.7740,0.5376,0.7045,0.7037,0.9708,0.4662,0.5020,0.4518,0.5411,0.3483,0.5935,0.3604
E07000219,Nuneaton and Bedworth,West Midlands,England,0.5306,0.5299,0.6765,0.4937,0.7274,0.2667,0.4898,0.7540,0.8913,0.8249,0.4348,0.5251,0.8756,0.9723,0.4036,0.5011,0.5103,0.4833,0.2648,0.2628,0.3991
E07000080,Forest of Dean,South West,England,0.5310,0.5596,0.7305,0.4801,0.5748,0.4576,0.3831,0.7456,0.8731,0.7449,0.3199,0.5661,0.9779,0.9914,0.5281,0.4912,0.6546,0.6011,0.5659,0.4627,0.3929
E07000169,Selby,Yorkshire and the Humber,England,0.5314,0.5787,0.4718,0.5724,0.3617,0.5202,0.6838,0.7627,0.9071,0.7040,0.5534,0.4513,0.9781,0.9821,0.5331,0.6182,0.5871,0.2896,0.5101,0.5538,0.6397
E06000031,Peterborough,East of England,England,0.5322,0.5073,0.5252,0.4429,0.6643,0.4245,0.6287,0.7826,0.9063,0.8037,0.4046,0.6951,0.9173,0.9688,0.4455,0.4792,0.4579,0.3023,0.4306,0.4878,0.5151
E07000112,Folkestone and Hythe,South East,England,0.5322,0.4760,0.6404,0.6121,0.8554,0.2864,0.3227,0.8006,0.8990,0.7901,0.7438,0.4681,0.9231,0.9798,0.4131,0.4775,0.4891,0.5073,0.4117,0.3179,0.2752
E09000014,Haringey,London,England,0.5334,0.5909,0.5042,0.3348,0.6177,0.3424,0.8102,0.8241,0.8761,0.8627,0.6367,0.6439,0.9596,0.9656,0.5165,0.5162,0.4143,0.6372,0.4527,0.4060,0.6727
E07000074,Maldon,East of England,England,0.5337,0.5225,0.6506,0.4425,0.3342,0.6362,0.6163,0.7714,0.8840,0.8386,0.6454,0.2990,0.9801,0.9816,0.5016,0.4862,0.6435,0.4397,0.4274,0.4420,0.5708
E07000237,Worcester,West Midlands,England,0.5339,0.4591,0.6976,0.3399,0.6094,0.5027,0.5946,0.7922,0.8936,0.7987,0.4592,0.7037,0.9244,0.9734,0.5124,0.4618,0.4883,0.5751,0.4854,0.5571,0.5068
E07000073,Harlow,East of England,England,0.5343,0.5337,0.5292,0.4086,0.6007,0.4664,0.6672,0.7691,0.9176,0.8119,0.3457,0.6222,0.9522,0.9648,0.4294,0.5215,0.4746,0.2882,0.3214,0.4395,0.5311
E06000049,Cheshire East,North West,England,0.5343,0.5634,0.6076,0.3643,0.5622,0.4228,0.6856,0.8176,0.8842,0.8467,0.5421,0.7011,0.9561,0.9755,0.5257,0.6528,0.3967,0.6222,0.4509,0.4256,0.6057
E06000005,Darlington,North East,England,0.5354,0.5225,0.5290,0.6028,0.6559,0.4363,0.4660,0.8475,0.8996,0.7949,0.7543,0.7085,0.9456,0.9821,0.4501,0.4915,0.3343,0.4770,0.5245,0.4468,0.4267
E06000044,Portsmouth,South East,England,0.5359,0.5015,0.5825,0.6660,0.5916,0.4001,0.4739,0.7912,0.9060,0.8083,0.5101,0.6721,0.8720,0.9789,0.4437,0.4490,0.4602,0.4898,0.3506,0.4947,0.4181
E07000063,Lewes,South East,England,0.5361,0.5084,0.6245,0.6631,0.5280,0.4136,0.4789,0.8355,0.9290,0.8379,0.8535,0.6659,0.7461,0.9805,0.5311,0.4232,0.5875,0.6517,0.4770,0.6159,0.4312
S12000045,East Dunbartonshire,Scotland,Scotland,0.5380,0.5428,0.3639,0.4364,0.7190,0.6281,,0.7508,0.8971,0.7495,0.4306,0.7375,0.9391,,0.5284,0.6711,0.3513,0.4137,0.5873,0.6186,
E06000058,"Bournemouth, Christchurch and Poole",South West,England,0.5388,0.4754,0.6370,0.4675,0.7131,0.4469,0.4927,0.7995,0.8791,0.7731,0.6262,0.6023,0.9396,0.9769,0.5166,0.4813,0.6123,0.6581,0.4431,0.4787,0.4260
E06000007,Warrington,North West,England,0.5397,0.5111,0.5711,0.5285,0.5898,0.4287,0.6088,0.7812,0.8969,0.8669,0.5256,0.5138,0.8927,0.9915,0.4814,0.5665,0.3924,0.4863,0.4421,0.3854,0.6158
E07000241,Welwyn Hatfield,East of England,England,0.5397,0.5858,0.5663,0.4661,0.6080,0.3685,0.6435,0.8118,0.8866,0.8340,0.5678,0.6880,0.9290,0.9651,0.4685,0.6247,0.5454,0.3168,0.4670,0.3470,0.5099
E07000202,Ipswich,East of England,England,0.5397,0.5015,0.5010,0.5012,0.7431,0.4311,0.5604,0.8219,0.8889,0.7778,0.6496,0.6932,0.9484,0.9738,0.4245,0.5599,0.3962,0.2073,0.4732,0.4352,0.4754
E07000069,Castle Point,East of England,England,0.5419,0.4928,0.6993,0.4926,0.6558,0.3477,0.5630,0.7422,0.8811,0.7525,0.4432,0.5969,0.8063,0.9730,0.4327,0.4510,0.5471,0.3010,0.3838,0.4399,0.4737
E09000023,Lewisham,London,England,0.5424,0.6644,0.5406,0.3520,0.5482,0.3260,0.8233,0.8244,0.9538,0.8668,0.6362,0.6925,0.8258,0.9715,0.5745,0.6312,0.4714,0.5891,0.6010,0.4368,0.7174
E07000220,Rugby,West Midlands,England,0.5444,0.6165,0.7255,0.4681,0.4528,0.3226,0.6807,0.7568,0.8794,0.8729,0.3620,0.6653,0.7837,0.9774,0.4824,0.5717,0.6323,0.4846,0.1768,0.4174,0.6113
E07000075,Rochford,East of England,England,0.5458,0.5403,0.6967,0.4189,0.5406,0.3647,0.7135,0.7558,0.8762,0.8248,0.5115,0.6556,0.6872,0.9794,0.5011,0.4951,0.6663,0.3947,0.3076,0.4889,0.6539
E07000134,North West Leicestershire,East Midlands,England,0.5466,0.5310,0.6027,0.3842,0.6951,0.4359,0.6308,0.7301,0.9043,0.7635,0.3067,0.5998,0.8277,0.9787,0.4765,0.5676,0.6259,0.3570,0.3523,0.3870,0.5694
E07000009,East Cambridgeshire,East of England,England,0.5482,0.6491,0.6076,0.3054,0.6257,0.3988,0.7028,0.8112,0.8736,0.7962,0.6395,0.6717,0.9099,0.9765,0.5072,0.5450,0.5293,0.3576,0.5319,0.4515,0.6277
E06000043,Brighton and Hove,South East,England,0.5494,0.6754,0.6127,0.5141,0.5402,0.3943,0.5594,0.8196,0.9057,0.8110,0.7418,0.6101,0.8680,0.9809,0.5299,0.5962,0.4929,0.6563,0.4399,0.4829,0.5115
E07000199,Tamworth,West Midlands,England,0.5501,0.5085,0.7189,0.3361,0.6180,0.5746,0.5443,0.6796,0.8942,0.7977,0.1664,0.4133,0.8367,0.9694,0.4436,0.4764,0.5097,0.5682,0.1793,0.4910,0.4372
E09000008,Croydon,London,England,0.5503,0.5894,0.6354,0.3476,0.5831,0.3549,0.7914,0.8187,0.9020,0.8601,0.6344,0.7021,0.8397,0.9739,0.5572,0.4958,0.5451,0.5771,0.5863,0.4392,0.6997
E07000071,Colchester,East of England,England,0.5504,0.5343,0.6433,0.4700,0.7261,0.3103,0.6184,0.7566,0.8963,0.7748,0.6411,0.5814,0.6653,0.9809,0.4738,0.5155,0.5299,0.3383,0.4728,0.4171,0.5690
E07000090,Havant,South East,England,0.5505,0.5103,0.6046,0.5545,0.6067,0.5472,0.4796,0.8256,0.8829,0.7822,0.8066,0.5888,0.9165,0.9768,0.5153,0.4887,0.4497,0.6691,0.4564,0.6155,0.4124
E06000062,West Northamptonshire,North West,England,0.5515,0.6434,0.5761,0.4097,0.6294,0.3456,0.7049,0.8049,0.8750,0.8445,0.4701,0.7167,0.9401,0.9832,0.4843,0.5781,0.3615,0.5450,0.4212,0.3341,0.6657
E07000164,Hambleton,Yorkshire and the Humber,England,0.5520,0.5588,0.3759,0.5164,0.6774,0.5941,0.5893,0.7624,0.8935,0.6788,0.4565,0.5743,0.9762,0.9949,0.4881,0.5800,0.4595,0.3158,0.3314,0.6277,0.6143
E06000055,Bedford,East of England,England,0.5531,0.6151,0.6238,0.4326,0.5079,0.4323,0.7067,0.7826,0.8952,0.7813,0.5112,0.6496,0.8812,0.9771,0.4958,0.5924,0.5213,0.3721,0.4351,0.4190,0.6352
E07000095,Broxbourne,East of England,England,0.5535,0.5803,0.6571,0.4676,0.5414,0.3115,0.7629,0.7604,0.8929,0.8301,0.6431,0.4049,0.8179,0.9737,0.4910,0.6179,0.6354,0.2885,0.3277,0.4053,0.6709
E07000187,Mendip,South West,England,0.5536,0.4849,0.6699,0.4477,0.6907,0.4998,0.5287,0.7739,0.9207,0.7891,0.3875,0.7282,0.8289,0.9890,0.5666,0.5159,0.6716,0.7268,0.5175,0.4441,0.5238
E07000081,Gloucester,South West,England,0.5542,0.6064,0.6702,0.3635,0.6172,0.4607,0.6068,0.7625,0.8787,0.7511,0.5508,0.4713,0.9527,0.9705,0.5239,0.5445,0.6123,0.7601,0.2133,0.5106,0.5028
E06000054,Wiltshire,South West,England,0.5545,0.5643,0.6672,0.4664,0.6105,0.4463,0.5725,0.7808,0.9166,0.7968,0.3601,0.7415,0.8756,0.9940,0.5628,0.5079,0.6780,0.6292,0.4502,0.5189,0.5929
E07000141,South Kesteven,East Midlands,England,0.5548,0.4934,0.5425,0.4458,0.6767,0.5820,0.5884,0.7708,0.8953,0.7060,0.6061,0.6381,0.8000,0.9791,0.4552,0.4431,0.4737,0.3649,0.4304,0.4885,0.5304
E07000149,South Norfolk,East of England,England,0.5583,0.4774,0.5938,0.5608,0.5709,0.5426,0.6045,0.7775,0.8970,0.7799,0.4552,0.6772,0.8723,0.9835,0.4941,0.4902,0.4907,0.3291,0.4557,0.6294,0.5692
E07000229,Worthing,South East,England,0.5594,0.5422,0.6117,0.6000,0.5448,0.5051,0.5528,0.8521,0.9327,0.8427,0.8308,0.5857,0.9491,0.9717,0.5367,0.5356,0.5396,0.6867,0.4961,0.5048,0.4573
E07000066,Basildon,East of England,England,0.5615,0.5431,0.6389,0.5029,0.6528,0.3448,0.6867,0.7958,0.8824,0.7387,0.6385,0.6182,0.9259,0.9711,0.4630,0.4972,0.4701,0.3114,0.5355,0.3805,0.5832
E06000024,North Somerset,South West,England,0.5625,0.5856,0.7310,0.5066,0.4940,0.4751,0.5824,0.7773,0.8984,0.7677,0.4938,0.6032,0.9257,0.9752,0.5769,0.5598,0.6976,0.6356,0.5108,0.5532,0.5041
E09000013,Hammersmith and Fulham,London,England,0.5643,0.5795,0.5780,0.4277,0.5872,0.3625,0.8511,0.8029,0.8985,0.8152,0.5740,0.6397,0.8996,0.9905,0.5639,0.6102,0.4166,0.4189,0.6223,0.4663,0.8492
E07000109,Gravesham,South East,England,0.5654,0.5311,0.6485,0.5621,0.6585,0.3112,0.6809,0.7475,0.8962,0.8078,0.5114,0.6108,0.6861,0.9729,0.5300,0.5132,0.5259,0.6779,0.3651,0.5102,0.5875
E09000019,Islington,London,England,0.5659,0.6380,0.5040,0.4180,0.7156,0.4642,0.6556,0.8348,0.8896,0.8508,0.6686,0.6959,0.9301,0.9737,0.5550,0.6608,0.4299,0.5639,0.5871,0.5213,0.5672
E09000030,Tower Hamlets,London,England,0.5659,0.6629,0.5138,0.5595,0.5544,0.3540,0.7511,0.7930,0.8342,0.8370,0.5453,0.6234,0.9526,0.9655,0.4673,0.5548,0.4060,0.4270,0.4432,0.3578,0.6153
E06000035,Medway,South East,England,0.5665,0.5563,0.6668,0.7119,0.5870,0.3134,0.5634,0.8082,0.8774,0.7863,0.6312,0.6536,0.9166,0.9838,0.4767,0.5166,0.5106,0.5427,0.4025,0.3568,0.5309
E07000225,Chichester,South East,England,0.5668,0.5383,0.6012,0.5790,0.6443,0.5270,0.5112,0.7642,0.9120,0.7829,0.5482,0.5558,0.7886,0.9978,0.5228,0.5015,0.4466,0.6165,0.5597,0.4602,0.5520
E07000105,Ashford,South East,England,0.5672,0.5643,0.6791,0.5193,0.5785,0.3725,0.6894,0.7509,0.8903,0.8065,0.5512,0.6579,0.6260,0.9736,0.4882,0.5377,0.5556,0.4956,0.4587,0.2818,0.5996
E07000131,Harborough,East Midlands,England,0.5673,0.5630,0.6485,0.4178,0.6352,0.4239,0.7152,0.7420,0.9086,0.7468,0.3265,0.5529,0.9205,0.9969,0.5693,0.6128,0.6396,0.3997,0.5340,0.4466,0.7834
E07000203,Mid Suffolk,East of England,England,0.5674,0.5294,0.5773,0.4707,0.7498,0.4629,0.6141,0.7774,0.8751,0.8010,0.4299,0.6215,0.9461,0.9908,0.4862,0.5715,0.5076,0.2653,0.4629,0.4928,0.6173
E07000194,Lichfield,West Midlands,England,0.5677,0.5326,0.7851,0.3421,0.7286,0.4701,0.5476,0.7432,0.8919,0.8182,0.3498,0.6524,0.7573,0.9896,0.5140,0.5066,0.6071,0.5764,0.4907,0.3574,0.5457
E06000022,Bath and North East Somerset,South West,England,0.5679,0.5535,0.7420,0.4262,0.5990,0.4966,0.5903,0.8148,0.9185,0.7398,0.5664,0.7355,0.9524,0.9760,0.5598,0.4831,0.6555,0.6588,0.4838,0.5617,0.5161
E07000124,Ribble Valley,North West,England,0.5681,0.5523,0.6459,0.4742,0.5691,0.4295,0.7378,0.7468,0.9379,0.8129,0.3979,0.5735,0.7746,0.9842,0.4849,0.5531,0.3708,0.5200,0.4254,0.3363,0.7037
E07000040,East Devon,South West,England,0.5695,0.4786,0.6627,0.4454,0.7472,0.5618,0.5212,0.7762,0.8988,0.7460,0.5324,0.6703,0.8251,0.9844,0.5714,0.4453,0.5996,0.6309,0.5218,0.7387,0.4924
E09000026,Redbridge,London,England,0.5698,0.5656,0.6586,0.4159,0.5678,0.3454,0.8655,0.7392,0.8474,0.8158,0.4705,0.5868,0.7480,0.9670,0.5065,0.5493,0.4792,0.4992,0.3080,0.4702,0.7333
E07000129,Blaby,East Midlands,England,0.5700,0.5413,0.5988,0.4595,0.6068,0.4818,0.7317,0.7954,0.9144,0.7668,0.5438,0.6733,0.8984,0.9756,0.5204,0.5920,0.6228,0.2659,0.4218,0.5682,0.6513
E07000226,Crawley,South East,England,0.5715,0.5699,0.6494,0.5363,0.4903,0.4029,0.7801,0.7522,0.9169,0.7932,0.6282,0.3966,0.8128,0.9657,0.5263,0.5272,0.5010,0.6863,0.2710,0.5282,0.6440
E09000010,Enfield,London,England,0.5735,0.5483,0.5831,0.4220,0.6771,0.4581,0.7520,0.8024,0.8552,0.8231,0.5271,0.7012,0.9385,0.9695,0.4775,0.3344,0.4315,0.4861,0.4830,0.4922,0.6377
E07000078,Cheltenham,South West,England,0.5744,0.6508,0.7021,0.4267,0.5223,0.4715,0.6731,0.7611,0.8686,0.7847,0.4769,0.6160,0.8533,0.9669,0.5873,0.5745,0.6947,0.6028,0.5244,0.5797,0.5477
E09000022,Lambeth,London,England,0.5750,0.6567,0.5708,0.3998,0.5837,0.3669,0.8720,0.8146,0.8968,0.8311,0.6514,0.6018,0.9316,0.9752,0.5724,0.6276,0.4501,0.5697,0.5596,0.4424,0.7852
E07000067,Braintree,East of England,England,0.5769,0.5483,0.6571,0.4962,0.5870,0.4902,0.6828,0.7610,0.8895,0.7744,0.6050,0.5745,0.7473,0.9752,0.4351,0.5135,0.5431,0.3093,0.2871,0.3561,0.6016
N09000007,Lisburn and Castlereagh,Northern Ireland,Northern Ireland,0.5777,0.4964,0.4411,0.4884,0.6977,0.7555,0.5871,0.7937,0.9389,0.7378,0.4062,0.7630,0.9391,0.9769,0.5576,0.5522,0.5736,0.4359,0.5181,0.7481,0.5177
E09000031,Waltham Forest,London,England,0.5798,0.6160,0.6329,0.3795,0.6978,0.3262,0.8264,0.8343,0.9444,0.8533,0.6837,0.6518,0.9023,0.9705,0.5347,0.5851,0.5241,0.5840,0.4301,0.3700,0.7151
S12000011,East Renfrewshire,Scotland,Scotland,0.5806,0.6187,0.4921,0.4706,0.7202,0.6013,,0.7868,0.9359,0.6362,0.6160,0.7818,0.9640,,0.5435,0.7475,0.2617,0.4200,0.6545,0.6336,
E09000028,Southwark,London,England,0.5811,0.6603,0.5296,0.4820,0.5562,0.4217,0.8369,0.8087,0.9170,0.8383,0.6854,0.5242,0.9183,0.9691,0.5654,0.5757,0.4270,0.5942,0.6202,0.4579,0.7174
E06000056,Central Bedfordshire,East of England,England,0.5812,0.6518,0.7394,0.3954,0.5694,0.3571,0.7740,0.7472,0.8921,0.7879,0.4436,0.6208,0.7567,0.9819,0.5412,0.6253,0.6433,0.3362,0.4748,0.4413,0.7262
E07000221,Stratford-on-Avon,West Midlands,England,0.5813,0.6176,0.7581,0.2889,0.5463,0.5399,0.7368,0.7809,0.8676,0.8402,0.3720,0.6864,0.9393,0.9796,0.6046,0.5565,0.6184,0.6564,0.5619,0.5566,0.6776
E07000234,Bromsgrove,West Midlands,England,0.5820,0.5062,0.8326,0.3536,0.6003,0.5431,0.6562,0.7665,0.8984,0.8058,0.4531,0.6373,0.8151,0.9894,0.5308,0.5270,0.6297,0.5635,0.3534,0.4595,0.6515
E07000176,Rushcliffe,East Midlands,England,0.5827,0.5194,0.6030,0.4613,0.7383,0.4462,0.7283,0.7529,0.8826,0.7863,0.5334,0.5910,0.7376,0.9866,0.5672,0.5924,0.7063,0.3718,0.4332,0.5925,0.7073
E07000079,Cotswold,South West,England,0.5837,0.6430,0.6748,0.4745,0.4722,0.4993,0.7382,0.7379,0.8586,0.7753,0.4737,0.5245,0.8123,0.9828,0.6042,0.5480,0.6546,0.6057,0.5366,0.5836,0.6965
E09000018,Hounslow,London,England,0.5856,0.5467,0.5310,0.4535,0.6500,0.4990,0.8335,0.7818,0.9213,0.8680,0.4573,0.6406,0.8291,0.9744,0.4955,0.4462,0.4417,0.5738,0.3043,0.4640,0.7431
E08000007,Stockport,North West,England,0.5859,0.5781,0.6542,0.4307,0.7499,0.4703,0.6320,0.8020,0.8981,0.8371,0.6153,0.5535,0.9326,0.9751,0.5129,0.5184,0.4255,0.6205,0.4265,0.5350,0.5517
E09000016,Havering,London,England,0.5863,0.5628,0.6908,0.4612,0.6934,0.3555,0.7538,0.7929,0.8686,0.8119,0.5346,0.7076,0.8602,0.9746,0.5062,0.4550,0.5144,0.4984,0.4824,0.4200,0.6669
E06000030,Swindon,South West,England,0.5863,0.6499,0.7615,0.4809,0.5148,0.3863,0.7244,0.7870,0.9102,0.7513,0.4257,0.6934,0.9713,0.9703,0.5361,0.5518,0.6954,0.6298,0.3163,0.4078,0.6156
E09000009,Ealing,London,England,0.5864,0.5452,0.5222,0.5030,0.6758,0.4583,0.8139,0.8384,0.9034,0.8764,0.6934,0.6757,0.9105,0.9711,0.5459,0.6418,0.4455,0.4725,0.4600,0.5495,0.7063
E07000082,Stroud,South West,England,0.5868,0.6405,0.7237,0.3333,0.7266,0.4183,0.6786,0.7665,0.8746,0.7700,0.3877,0.6913,0.8923,0.9831,0.6075,0.5740,0.6916,0.7451,0.5191,0.4757,0.6395
E07000083,Tewkesbury,South West,England,0.5878,0.6522,0.7523,0.3238,0.5680,0.4954,0.7350,0.7597,0.8629,0.7661,0.3941,0.6554,0.8975,0.9824,0.6149,0.5687,0.7168,0.7082,0.3785,0.6258,0.6914
E09000007,Camden,London,England,0.5889,0.7424,0.5447,0.4408,0.6579,0.5280,0.6195,0.7648,0.8487,0.7970,0.5430,0.5972,0.8258,0.9770,0.5395,0.6912,0.3543,0.5255,0.4136,0.7032,0.5494
E09000033,Westminster,London,England,0.5895,0.5188,0.5239,0.4077,0.7485,0.6502,0.6879,0.8072,0.9041,0.8458,0.7563,0.5481,0.7991,0.9901,0.4822,0.3957,0.4303,0.4849,0.3397,0.5567,0.6860
E07000065,Wealden,South East,England,0.5903,0.5490,0.6739,0.6944,0.4784,0.4980,0.6481,0.7794,0.9069,0.8204,0.6005,0.5056,0.8653,0.9776,0.5376,0.4286,0.5730,0.5510,0.5036,0.5883,0.5808
E08000029,Solihull,West Midlands,England,0.5924,0.5524,0.7912,0.4491,0.5936,0.4871,0.6808,0.7866,0.8545,0.8036,0.4984,0.6323,0.9601,0.9709,0.5625,0.6273,0.5890,0.5852,0.4762,0.5209,0.5765
E07000011,Huntingdonshire,East of England,England,0.5927,0.6390,0.6145,0.4711,0.6507,0.5283,0.6529,0.7834,0.8715,0.8038,0.5010,0.7081,0.8254,0.9903,0.4835,0.5403,0.5478,0.2867,0.4233,0.4497,0.6531
E07000070,Chelmsford,East of England,England,0.5937,0.5833,0.6421,0.4185,0.5813,0.5530,0.7842,0.8066,0.8879,0.8330,0.7585,0.6577,0.7211,0.9816,0.5292,0.5497,0.6230,0.3975,0.4522,0.4181,0.7346
E09000015,Harrow,Yorkshire and the Humber,England,0.5951,0.6621,0.5062,0.4356,0.5828,0.5517,0.8320,0.7930,0.8910,0.7012,0.5508,0.7112,0.9293,0.9744,0.5522,0.5569,0.6062,0.4078,0.4421,0.5586,0.7417
E07000092,Rushmoor,South East,England,0.5955,0.6086,0.7194,0.5709,0.4146,0.5739,0.6857,0.7878,0.8853,0.7953,0.6879,0.4826,0.8842,0.9913,0.4895,0.5796,0.5730,0.4406,0.1266,0.5262,0.6908
E07000091,New Forest,South East,England,0.5962,0.5121,0.6052,0.7278,0.5349,0.6198,0.5772,0.7689,0.8821,0.7885,0.4538,0.6143,0.8962,0.9782,0.5296,0.4936,0.4580,0.5222,0.4829,0.7064,0.5147
E07000181,West Oxfordshire,East Midlands,England,0.5966,0.6786,0.5479,0.5827,0.6455,0.4360,0.6890,0.7616,0.8845,0.7418,0.5165,0.6230,0.8057,0.9984,0.5026,0.6102,0.5331,0.3302,0.4016,0.4090,0.7317
E09000017,Hillingdon,London,England,0.5966,0.5396,0.6634,0.5494,0.6807,0.3839,0.7626,0.7362,0.9085,0.8184,0.4148,0.5630,0.7391,0.9736,0.5042,0.5050,0.4911,0.4577,0.3172,0.5842,0.6701
E08000009,Trafford,North West,England,0.5973,0.5970,0.7004,0.3919,0.7056,0.4261,0.7629,0.8014,0.8994,0.8299,0.5522,0.7286,0.8221,0.9764,0.5774,0.5879,0.4526,0.6374,0.5624,0.5382,0.6858
E06000025,South Gloucestershire,South West,England,0.5976,0.6883,0.7489,0.3240,0.6718,0.4864,0.6662,0.7783,0.9083,0.7707,0.3849,0.7182,0.9063,0.9817,0.6055,0.6234,0.7172,0.7289,0.4270,0.5170,0.6199
E07000209,Guildford,South East,England,0.5979,0.6064,0.7822,0.4839,0.5051,0.6153,0.5947,0.8112,0.8911,0.8119,0.7133,0.5756,0.8795,0.9959,0.6228,0.6089,0.6645,0.6321,0.4771,0.7289,0.6253
E07000115,Tonbridge and Malling,South East,England,0.5980,0.6001,0.7472,0.6096,0.4666,0.4240,0.7406,0.7856,0.8848,0.8032,0.4319,0.6454,0.9586,0.9897,0.5508,0.5713,0.6154,0.5241,0.4015,0.4568,0.7359
E07000243,Stevenage,East of England,England,0.5981,0.6022,0.5444,0.4811,0.7453,0.5440,0.6719,0.8376,0.9048,0.8294,0.7541,0.5834,0.9799,0.9743,0.4945,0.6580,0.5355,0.4027,0.4501,0.3346,0.5861
E06000039,Slough,South East,England,0.5995,0.5329,0.6094,0.6926,0.5180,0.3615,0.8827,0.7871,0.8755,0.8284,0.5804,0.5064,0.9625,0.9694,0.4942,0.3558,0.5154,0.5119,0.4226,0.3966,0.7631
E06000034,Thurrock,South East,England,0.6058,0.5513,0.7194,0.7427,0.5211,0.3214,0.7786,0.8336,0.8868,0.8236,0.7043,0.6438,0.9712,0.9721,0.5134,0.4783,0.6214,0.5077,0.4450,0.3510,0.6773
E09000004,Bexley,London,England,0.6060,0.5121,0.7559,0.3931,0.7395,0.4609,0.7744,0.7569,0.8931,0.8170,0.4730,0.5518,0.8315,0.9753,0.5601,0.5785,0.5869,0.4837,0.4113,0.6092,0.6911
E07000222,Warwick,West Midlands,England,0.6061,0.6151,0.7643,0.3869,0.6543,0.4904,0.7258,0.7692,0.8756,0.8360,0.3331,0.7059,0.8902,0.9746,0.5759,0.5720,0.6109,0.5560,0.5174,0.5594,0.6398
E07000210,Mole Valley,South East,England,0.6110,0.6283,0.7702,0.4592,0.5673,0.4487,0.7921,0.7917,0.8861,0.7761,0.6214,0.5921,0.8860,0.9885,0.6300,0.6228,0.5860,0.7206,0.6039,0.4665,0.7802
E07000107,Dartford,South East,England,0.6120,0.6042,0.7923,0.5594,0.5818,0.3090,0.8255,0.7625,0.9066,0.8023,0.5406,0.5813,0.7597,0.9847,0.5939,0.5954,0.6545,0.5511,0.5686,0.4018,0.7919
E06000038,Reading,South East,England,0.6131,0.6382,0.6372,0.6027,0.7389,0.3361,0.7254,0.8049,0.9115,0.8080,0.6393,0.5582,0.9414,0.9709,0.5281,0.6097,0.5127,0.6990,0.3908,0.3369,0.6197
E07000093,Test Valley,South East,England,0.6139,0.6164,0.6943,0.5007,0.4512,0.6701,0.7509,0.7482,0.8774,0.8550,0.5120,0.4371,0.8255,0.9825,0.6054,0.5752,0.6542,0.5996,0.5377,0.5585,0.7074
E09000003,Barnet,London,England,0.6141,0.5702,0.5735,0.4101,0.7178,0.5496,0.8634,0.8301,0.9285,0.8770,0.6387,0.6884,0.8727,0.9754,0.5599,0.5520,0.5098,0.5189,0.4706,0.5304,0.7778
E07000227,Horsham,East Midlands,England,0.6154,0.6142,0.6088,0.3872,0.6794,0.6289,0.7738,0.7700,0.9036,0.7835,0.3664,0.6497,0.9350,0.9819,0.5642,0.5612,0.6646,0.3410,0.4816,0.6109,0.7260
E06000042,Milton Keynes,South East,England,0.6157,0.6018,0.7138,0.5843,0.5987,0.3941,0.8015,0.8067,0.8759,0.7972,0.6585,0.6419,0.8911,0.9757,0.5510,0.6281,0.5698,0.6413,0.3650,0.3827,0.7192
E07000099,North Hertfordshire,East of England,England,0.6176,0.6506,0.6943,0.5318,0.6393,0.3821,0.8075,0.7635,0.8846,0.7971,0.4860,0.6775,0.7646,0.9712,0.5401,0.6837,0.6210,0.3024,0.4677,0.4650,0.7006
E07000072,Epping Forest,East of England,England,0.6184,0.5617,0.6735,0.4998,0.8222,0.3641,0.7893,0.7958,0.8978,0.8182,0.5313,0.6099,0.9386,0.9787,0.5385,0.5336,0.7010,0.3875,0.5198,0.3653,0.7242
E09000029,Sutton,London,England,0.6187,0.5826,0.6628,0.5533,0.6150,0.4575,0.8409,0.8177,0.8946,0.8688,0.5465,0.7188,0.8986,0.9785,0.5724,0.6398,0.6004,0.5284,0.4460,0.4466,0.7733
E07000110,Maidstone,South East,England,0.6233,0.5788,0.6767,0.6683,0.7161,0.4167,0.6831,0.7950,0.8903,0.8024,0.6262,0.5477,0.9175,0.9861,0.5101,0.5542,0.5445,0.5317,0.3351,0.4349,0.6604
E07000096,Dacorum,East of England,England,0.6317,0.6252,0.6875,0.4475,0.7873,0.5051,0.7376,0.7751,0.8960,0.7429,0.7014,0.4730,0.8484,0.9888,0.4953,0.6750,0.5151,0.3124,0.3125,0.4282,0.7285
E07000098,Hertsmere,West Midlands,England,0.6332,0.6272,0.7122,0.3812,0.7964,0.4469,0.8353,0.7992,0.8806,0.8453,0.4815,0.7049,0.9089,0.9743,0.6013,0.6524,0.5776,0.5348,0.5438,0.5548,0.7443
E07000087,Fareham,South East,England,0.6351,0.5882,0.7343,0.6143,0.6483,0.5710,0.6548,0.8352,0.8733,0.8114,0.6730,0.7183,0.9484,0.9869,0.5821,0.5486,0.6185,0.6683,0.4491,0.5714,0.6364
E07000103,Watford,East of England,England,0.6358,0.6397,0.5971,0.3858,0.8215,0.4858,0.8846,0.7757,0.8996,0.8045,0.4751,0.5351,0.9667,0.9734,0.5589,0.6823,0.5292,0.4159,0.4485,0.4900,0.7872
E07000212,Runnymede,South East,England,0.6367,0.5817,0.7478,0.6032,0.6889,0.5473,0.6514,0.7592,0.8963,0.8034,0.5251,0.5899,0.7649,0.9757,0.6352,0.5941,0.6157,0.6719,0.5371,0.8189,0.5735
E07000094,Winchester,South East,England,0.6368,0.6009,0.7292,0.6466,0.6126,0.6099,0.6215,0.8283,0.8798,0.7841,0.6843,0.6791,0.9446,0.9981,0.5872,0.5667,0.5651,0.5487,0.5325,0.6469,0.6631
E07000102,Three Rivers,East of England,England,0.6412,0.6499,0.7313,0.4810,0.5292,0.6081,0.8474,0.7764,0.8886,0.8120,0.4391,0.7317,0.8023,0.9848,0.5599,0.6883,0.6817,0.3246,0.3551,0.4957,0.8140
E09000024,Merton,London,England,0.6412,0.6811,0.6399,0.3689,0.7690,0.4387,0.9495,0.7710,0.9124,0.8271,0.5084,0.5790,0.8229,0.9762,0.5963,0.6690,0.4870,0.5211,0.4671,0.5675,0.8659
E07000086,Eastleigh,South East,England,0.6479,0.6067,0.7801,0.6246,0.6325,0.4604,0.7831,0.8018,0.8920,0.7888,0.7150,0.7050,0.7315,0.9785,0.6001,0.5891,0.6196,0.6088,0.4256,0.6409,0.7167
E07000116,Tunbridge Wells,South East,England,0.6486,0.6164,0.7150,0.7183,0.6022,0.4610,0.7790,0.8110,0.8822,0.8010,0.6074,0.6374,0.9611,0.9771,0.5683,0.5798,0.5792,0.6331,0.4389,0.4736,0.7051
E07000111,Sevenoaks,South East,England,0.6510,0.5986,0.7732,0.5483,0.7141,0.4848,0.7872,0.8403,0.8777,0.7651,0.7580,0.6800,0.9815,0.9796,0.5861,0.5539,0.5708,0.6965,0.5297,0.4385,0.7271
E09000006,Bromley,London,England,0.6519,0.6217,0.7904,0.5326,0.6547,0.4538,0.8585,0.8077,0.8927,0.8192,0.6912,0.6929,0.7685,0.9816,0.5950,0.5725,0.6260,0.4939,0.4625,0.6072,0.8076
E06000037,West Berkshire,South East,England,0.6535,0.6307,0.7410,0.6609,0.6204,0.5010,0.7667,0.7872,0.8483,0.7750,0.5116,0.6348,0.9702,0.9831,0.5547,0.5648,0.5575,0.5255,0.4135,0.5411,0.7261
E07000208,Epsom and Ewell,South East,England,0.6551,0.6511,0.8245,0.5932,0.5176,0.4550,0.8895,0.7889,0.8922,0.8152,0.5926,0.5264,0.9243,0.9825,0.6392,0.6518,0.7143,0.5178,0.6044,0.5044,0.8425
E07000180,Vale of White Horse,South East,England,0.6559,0.6902,0.7356,0.5201,0.7321,0.5403,0.7173,0.7960,0.8903,0.8001,0.6937,0.5402,0.8544,0.9976,0.6109,0.6384,0.5981,0.6387,0.3803,0.6282,0.7815
E07000177,Cherwell,South East,England,0.6563,0.6684,0.6991,0.7528,0.5926,0.4537,0.7713,0.7861,0.8978,0.7797,0.6362,0.6117,0.8089,0.9826,0.5621,0.6199,0.5261,0.5544,0.4089,0.5355,0.7275
E07000068,Brentwood,East of England,England,0.6569,0.6036,0.8184,0.5883,0.5336,0.5577,0.8397,0.7380,0.8794,0.7166,0.5341,0.5738,0.7408,0.9831,0.5318,0.5525,0.5728,0.2827,0.5257,0.4597,0.7973
E07000085,East Hampshire,South East,England,0.6580,0.6052,0.7030,0.6061,0.6718,0.5751,0.7866,0.8179,0.8768,0.8181,0.6023,0.7095,0.9212,0.9797,0.6005,0.5634,0.5973,0.5471,0.5255,0.6426,0.7269
E09000021,Kingston upon Thames,London,England,0.6594,0.6374,0.8055,0.4232,0.7155,0.5365,0.8381,0.8438,0.8974,0.7666,0.7441,0.7269,0.9483,0.9796,0.5884,0.5737,0.5154,0.5351,0.5457,0.5840,0.7762
E07000213,Spelthorne,South East,England,0.6599,0.6131,0.7754,0.5871,0.5984,0.5821,0.8032,0.8167,0.8978,0.7751,0.7164,0.6430,0.8906,0.9770,0.5880,0.6197,0.5891,0.6166,0.4253,0.5495,0.7281
E07000215,Tandridge,South East,England,0.6613,0.6298,0.8111,0.6047,0.6693,0.4743,0.7786,0.7894,0.8910,0.8005,0.7109,0.5711,0.7899,0.9727,0.5980,0.6294,0.6753,0.6296,0.5431,0.4298,0.6807
E06000036,Bracknell Forest,South East,England,0.6652,0.6690,0.7824,0.5019,0.6668,0.5632,0.8082,0.8091,0.9293,0.8069,0.6608,0.5714,0.8966,0.9897,0.6439,0.5843,0.6543,0.7468,0.4115,0.6641,0.8025
E07000089,Hart,London,England,0.6654,0.6619,0.8280,0.5092,0.5993,0.5280,0.8658,0.7831,0.8712,0.7781,0.4534,0.6802,0.9199,0.9956,0.6054,0.6059,0.5740,0.4511,0.5377,0.5716,0.8919
E07000242,East Hertfordshire,East of England,England,0.6663,0.6557,0.8449,0.5484,0.6484,0.4487,0.8516,0.8083,0.8856,0.7692,0.6083,0.6929,0.9081,0.9857,0.5576,0.6890,0.7056,0.2503,0.3887,0.4889,0.8231
E07000077,Uttlesford,East of England,England,0.6677,0.6124,0.7228,0.5361,0.6373,0.6044,0.8932,0.8010,0.8853,0.8159,0.5717,0.6211,0.9294,0.9828,0.5602,0.5644,0.6808,0.1507,0.4714,0.6463,0.8477
E07000211,Reigate and Banstead,South East,England,0.6702,0.6464,0.8081,0.6025,0.7090,0.4637,0.7913,0.7999,0.8969,0.8094,0.4734,0.6690,0.9583,0.9924,0.6209,0.6549,0.6862,0.5645,0.5572,0.4617,0.8009
E06000060,Buckinghamshire,South East,England,0.6740,0.6110,0.7547,0.6665,0.6904,0.4861,0.8353,0.7993,0.8986,0.8152,0.5606,0.6579,0.8770,0.9865,0.5949,0.5669,0.6433,0.5462,0.4329,0.5684,0.8117
E07000012,South Cambridgeshire,East of England,England,0.6756,0.6938,0.7324,0.4420,0.8077,0.5315,0.8462,0.8087,0.8739,0.7701,0.7228,0.5992,0.9056,0.9803,0.5512,0.5916,0.6029,0.3138,0.4414,0.5693,0.7880
E06000040,Windsor and Maidenhead,South East,England,0.6775,0.6505,0.8232,0.6105,0.6090,0.5807,0.7909,0.8204,0.8790,0.7760,0.7288,0.5882,0.9523,0.9979,0.6112,0.5650,0.6262,0.5415,0.5100,0.5710,0.8534
E07000214,Surrey Heath,South East,England,0.6783,0.6485,0.8138,0.5947,0.5648,0.5965,0.8513,0.8328,0.8839,0.8414,0.7951,0.5921,0.8973,0.9870,0.6203,0.6399,0.7522,0.5563,0.3674,0.5760,0.8302
E09000032,Wandsworth,London,England,0.6836,0.7854,0.7137,0.4187,0.6875,0.5107,0.9853,0.8451,0.8690,0.8282,0.7968,0.6720,0.9187,0.9862,0.6757,0.6456,0.5794,0.5459,0.7114,0.6152,0.9569
E09000027,Richmond upon Thames,London,England,0.6836,0.6552,0.7951,0.4391,0.6237,0.5982,0.9905,0.7860,0.8836,0.7959,0.6706,0.5830,0.7952,0.9881,0.5968,0.5689,0.5689,0.4369,0.4680,0.5653,0.9728
E07000179,South Oxfordshire,South East,England,0.6852,0.6941,0.7344,0.6180,0.6051,0.6692,0.7904,0.8106,0.8882,0.8438,0.7124,0.5969,0.8236,0.9987,0.6392,0.6365,0.7295,0.5580,0.4860,0.5908,0.8342
E07000216,Waverley,South East,England,0.6888,0.6451,0.8080,0.6474,0.7730,0.4858,0.7733,0.7671,0.8765,0.7690,0.6074,0.5849,0.7785,0.9866,0.5981,0.6187,0.6071,0.5421,0.4420,0.6272,0.7514
E07000228,Mid Sussex,South East,England,0.6960,0.6341,0.8032,0.6491,0.7505,0.4975,0.8418,0.8024,0.9107,0.7997,0.4865,0.6848,0.9523,0.9804,0.5928,0.5885,0.6644,0.6042,0.4213,0.4939,0.7845
E07000240,St Albans,East of England,England,0.6995,0.6924,0.8309,0.4461,0.6629,0.5871,0.9777,0.8190,0.8829,0.7678,0.6168,0.6980,0.9682,0.9805,0.6449,0.7196,0.6895,0.3300,0.5762,0.6362,0.9177
E07000084,Basingstoke and Deane,South East,England,0.7004,0.6374,0.7870,0.7527,0.6141,0.5868,0.8243,0.8272,0.8846,0.7829,0.7252,0.6588,0.9370,0.9750,0.6090,0.6023,0.6145,0.6255,0.4861,0.5879,0.7378
E07000217,Woking,South East,England,0.7093,0.6708,0.7388,0.7254,0.6488,0.5689,0.9034,0.7893,0.8844,0.8400,0.5377,0.6922,0.8023,0.9790,0.6461,0.6531,0.6695,0.5505,0.4510,0.7160,0.8366
E09000001,"London, City of",London,England,0.7225,0.9379,0.3860,0.4788,0.9273,,0.8824,0.8333,0.8900,0.8322,0.7354,0.7211,,0.9880,0.6462,0.9209,0.2071,0.7263,0.3766,,1.0000
E07000207,Elmbridge,South East,England,0.7385,0.6883,0.8614,0.6074,0.8158,0.4584,1.0000,0.7846,0.8803,0.7747,0.6299,0.5251,0.9130,0.9844,0.6008,0.6615,0.6678,0.4914,0.3878,0.4349,0.9615
E06000041,Wokingham,South East,England,0.7409,0.6834,0.9153,0.5854,0.7164,0.5949,0.9501,0.7792,0.8570,0.7740,0.5622,0.6185,0.8845,0.9792,0.6509,0.5757,0.7113,0.6426,0.5352,0.5573,0.8835
