lad_code,lad_name,INDEX_OVERALL,PaidWork__,PaidWork__WorkingHours,PaidWork__Progression/decisionmaking,PaidWork__Employment,PaidWork__WorkingHours__SatisfactoryHrs,PaidWork__Progression/decisionmaking__EmployeeInvolv,PaidWork__Progression/decisionmaking__ProgressionOpp,PaidWork__Employment__Employed,PaidWork__Employment__Managers,UnpaidWork__,UnpaidWork__Care,UnpaidWork__DomesticWork,UnpaidWork__Care__Childcare,UnpaidWork__Care__Sandwich,UnpaidWork__DomesticWork__DomesticUKAV,Money__,Money__Pay,Money__Wealth,Money__Pay__NotLowPay,Money__Pay__wpay,Money__Wealth__HomeMortgage,Power__,Power__Leadership,Power__Participation,Power__Leadership__Councillors,Power__Leadership__LTD,Power__Participation__OrgParticipation,Power__Participation__VotedGE,Education__,Education__Training,Education__Skills,Education__Training__JobTraining,Education__Skills__EnglishGCSE,Education__Skills__MathsGCSE,Health__,Health__HealthStatus,Health__HealthStatus__LifeEx,Health__HealthStatus__GoodHealth
S12000034,Aberdeenshire,0.45,0.49,0.74,0.24,,91.36,47.17,38.01,,,0.35,0.10,0.59,20.10,1.90,59.39,0.49,0.49,,61.13,635.60,,0.41,0.31,0.51,42.86,12.75,35.13,76.35,0.51,0.31,0.72,18.80,90.66,61.14,0.43,0.43,82.44,
E07000223,Adur,0.44,0.45,0.33,0.63,0.38,81.54,57.73,56.63,52.05,32.13,0.33,0.67,0.00,36.50,2.33,4.14,0.54,0.36,0.73,60.58,537.20,38.87,0.34,0.36,0.32,37.93,17.22,5.83,74.32,0.47,0.53,0.41,30.30,67.00,51.00,0.48,0.48,83.68,78.49
E07000026,Allerdale,0.40,0.44,0.60,0.40,0.31,87.99,51.59,45.53,51.41,27.72,0.48,0.40,0.56,22.90,2.28,56.69,0.38,0.24,0.53,49.52,538.10,31.70,0.33,0.26,0.39,30.43,15.70,39.20,58.70,0.35,0.39,0.30,23.40,61.10,44.50,0.40,0.40,82.50,77.84
E07000032,Amber Valley,0.44,0.43,0.40,0.52,0.38,83.13,54.43,51.50,53.18,29.87,0.57,0.36,0.77,37.70,1.83,76.54,0.48,0.27,0.69,52.16,540.00,37.73,0.39,0.49,0.28,47.62,19.56,18.79,59.75,0.30,0.22,0.37,14.40,65.10,48.80,0.45,0.45,82.98,78.64
S12000041,Angus,0.33,0.32,0.29,0.36,,80.57,44.16,51.81,,,0.20,0.10,0.31,20.10,1.90,32.85,0.20,0.20,,47.89,522.30,,0.32,0.26,0.38,35.71,13.47,24.24,68.73,0.49,0.36,0.62,21.80,87.73,51.71,0.42,0.42,82.27,
N09000001,Antrim and Newtownabbey,0.53,0.52,0.53,0.59,0.44,86.20,57.20,54.10,55.40,31.40,0.46,0.27,0.64,26.40,1.99,64.02,0.81,0.75,0.87,83.60,638.70,44.13,0.39,0.29,0.50,35.00,15.06,40.53,70.77,0.58,0.22,0.93,14.50,93.30,86.00,0.41,0.41,82.56,78.01
N09000011,Ards and North Down,0.52,0.50,0.53,0.59,0.37,86.20,57.20,54.10,51.20,33.06,0.47,0.27,0.67,26.40,1.99,66.52,0.75,0.72,0.77,83.60,615.20,40.69,0.42,0.31,0.53,35.00,15.92,44.07,72.25,0.59,0.22,0.97,14.50,94.00,89.80,0.37,0.37,82.66,76.81
S12000035,Argyll and Bute,0.38,0.43,0.38,0.47,,82.84,51.30,51.58,,,0.34,0.10,0.58,20.10,1.90,58.86,0.28,0.28,,54.03,530.90,,0.41,0.28,0.55,27.78,17.48,28.26,86.26,0.50,0.31,0.69,18.90,90.91,56.54,0.34,0.34,81.57,
N09000002,"Armagh City, Banbridge and Craigavon",0.50,0.50,0.53,0.59,0.40,86.20,57.20,54.10,54.83,28.77,0.42,0.27,0.56,26.40,1.99,56.35,0.75,0.74,0.77,83.60,631.20,40.53,0.25,0.22,0.27,29.27,13.96,32.71,49.29,0.57,0.22,0.92,14.50,94.00,83.60,0.49,0.49,83.21,79.40
E07000224,Arun,0.43,0.41,0.33,0.63,0.28,81.54,57.73,56.63,48.58,29.27,0.58,0.67,0.48,36.50,2.33,49.33,0.45,0.30,0.59,60.58,488.10,33.95,0.35,0.32,0.37,35.19,16.33,27.16,65.21,0.35,0.28,0.41,17.50,67.00,51.00,0.47,0.47,83.65,78.25
E07000170,Ashfield,0.38,0.49,0.62,0.56,0.30,88.34,55.66,53.20,53.11,23.86,0.44,0.36,0.51,37.70,1.83,51.85,0.42,0.15,0.68,48.79,475.40,37.31,0.38,0.38,0.38,34.29,19.74,26.02,66.28,0.28,0.14,0.42,10.00,68.20,51.00,0.29,0.29,81.50,76.00
E07000105,Ashford,0.48,0.48,0.55,0.46,0.43,86.68,51.56,50.35,54.64,31.97,0.45,0.67,0.24,36.50,2.33,26.32,0.59,0.42,0.76,61.93,574.10,40.12,0.46,0.37,0.56,38.30,17.74,29.92,85.62,0.29,0.15,0.43,10.90,68.20,51.90,0.58,0.58,83.68,81.62
E07000200,Babergh,0.48,0.56,0.68,0.65,0.36,89.95,59.00,56.40,50.95,32.35,0.41,0.27,0.55,35.00,1.76,55.86,0.45,0.30,0.59,51.52,573.60,33.97,0.50,0.38,0.62,43.75,15.77,50.36,78.77,0.35,0.37,0.33,21.90,63.40,45.60,0.63,0.63,85.20,80.75
E09000002,Barking and Dagenham,0.50,0.69,0.91,0.90,0.28,95.24,62.08,73.63,52.72,22.32,0.53,0.43,0.63,29.70,2.15,63.07,0.50,0.46,0.53,61.13,615.10,31.73,0.50,0.54,0.46,45.10,22.81,26.95,75.61,0.31,0.12,0.50,9.30,73.30,54.70,0.49,0.49,81.66,82.21
E09000003,Barnet,0.53,0.49,0.26,0.70,0.51,79.99,61.95,56.91,55.44,37.22,0.43,0.43,0.43,29.70,2.15,44.56,0.51,0.50,0.52,54.40,714.10,31.46,0.50,0.44,0.56,44.44,18.17,33.92,83.88,0.50,0.32,0.69,19.30,83.30,67.40,0.77,0.77,85.53,84.41
E08000016,Barnsley,0.39,0.41,0.60,0.34,0.30,87.97,49.17,43.62,52.23,25.13,0.51,0.35,0.67,38.50,1.79,67.19,0.37,0.12,0.62,41.93,507.50,35.15,0.41,0.34,0.47,39.68,15.50,26.23,77.87,0.38,0.40,0.36,23.70,63.70,48.60,0.26,0.26,81.12,75.85
E07000027,Barrow-in-Furness,0.40,0.44,0.60,0.40,0.31,87.99,51.59,45.53,52.44,25.98,0.40,0.40,0.40,22.90,2.28,41.85,0.47,0.19,0.74,49.52,497.70,39.49,0.62,0.37,0.87,40.00,16.85,64.19,100.00,0.24,0.10,0.38,8.00,66.60,48.20,0.26,0.26,80.62,76.41
E07000066,Basildon,0.44,0.49,0.53,0.55,0.39,86.26,55.65,52.82,54.63,28.61,0.37,0.27,0.48,35.00,1.76,48.97,0.45,0.18,0.73,48.11,500.00,39.12,0.51,0.35,0.67,35.71,17.79,44.16,89.50,0.29,0.22,0.36,14.50,65.50,46.60,0.53,0.53,82.88,81.36
E07000084,Basingstoke and Deane,0.56,0.57,0.63,0.47,0.60,88.58,51.89,50.75,60.16,37.04,0.67,0.67,0.68,36.50,2.33,67.83,0.60,0.42,0.79,55.31,635.00,41.27,0.47,0.32,0.62,35.19,16.65,50.28,79.00,0.41,0.44,0.39,25.50,65.50,50.20,0.66,0.66,83.81,83.78
E07000171,Bassetlaw,0.42,0.51,0.62,0.56,0.35,88.34,55.66,53.20,53.02,27.60,0.50,0.36,0.64,37.70,1.83,63.69,0.43,0.20,0.67,48.79,509.10,36.86,0.34,0.31,0.37,33.33,16.79,9.51,77.87,0.36,0.31,0.42,18.90,68.20,51.00,0.36,0.36,82.03,77.37
E06000022,Bath and North East Somerset,0.53,0.36,0.17,0.48,0.42,77.83,55.34,47.53,52.26,35.00,0.74,1.00,0.48,48.80,2.51,49.18,0.53,0.42,0.65,62.57,567.00,36.00,0.49,0.37,0.60,38.98,17.43,30.29,90.75,0.45,0.36,0.55,21.40,75.90,58.30,0.61,0.61,84.93,80.31
E06000055,Bedford,0.49,0.55,0.69,0.46,0.50,90.10,49.65,53.27,57.17,33.55,0.45,0.27,0.64,35.00,1.76,64.02,0.59,0.45,0.72,64.81,567.80,38.81,0.44,0.38,0.50,36.96,18.48,31.00,78.65,0.35,0.33,0.36,20.10,65.30,47.20,0.58,0.58,83.24,82.18
N09000003,Belfast,0.42,0.48,0.53,0.59,0.31,86.20,57.20,54.10,50.85,28.21,0.38,0.27,0.49,26.40,1.99,50.03,0.60,0.69,0.51,83.60,594.00,30.87,0.32,0.27,0.37,31.67,15.70,30.49,61.92,0.53,0.22,0.84,14.50,88.70,80.10,0.20,0.20,80.53,74.85
E09000004,Bexley,0.51,0.55,0.65,0.53,0.46,89.17,59.25,46.02,56.23,32.03,0.44,0.43,0.44,29.70,2.15,45.47,0.62,0.41,0.83,49.52,683.40,42.69,0.43,0.45,0.41,37.78,21.53,25.00,70.79,0.42,0.38,0.46,22.80,69.10,54.30,0.64,0.64,83.84,83.05
E08000025,Birmingham,0.42,0.45,0.60,0.62,0.14,87.96,53.97,60.71,44.79,23.95,0.60,0.65,0.55,36.90,2.30,56.01,0.38,0.25,0.50,51.61,525.90,30.69,0.39,0.41,0.37,39.60,18.80,21.01,69.71,0.35,0.27,0.42,17.20,69.70,49.50,0.36,0.36,81.75,77.75
E07000129,Blaby,0.50,0.58,0.67,0.56,0.51,89.59,55.73,53.30,57.66,33.76,0.37,0.36,0.38,37.70,1.83,40.15,0.62,0.33,0.91,53.27,575.80,45.85,0.39,0.23,0.56,27.78,14.98,33.40,83.40,0.34,0.25,0.43,16.00,68.10,51.90,0.68,0.68,85.10,82.43
E06000008,Blackburn with Darwen,0.35,0.33,0.58,0.22,0.17,87.56,44.52,39.81,47.13,22.90,0.45,0.40,0.50,22.90,2.28,51.31,0.35,0.15,0.54,48.29,478.70,32.17,0.29,0.21,0.36,27.45,14.59,14.23,72.56,0.37,0.34,0.39,20.60,66.50,49.40,0.31,0.31,80.32,78.64
E06000009,Blackpool,0.32,0.39,0.50,0.47,0.21,85.52,49.26,54.47,49.10,22.50,0.40,0.40,0.41,22.90,2.28,42.40,0.37,0.23,0.52,56.48,464.10,31.16,0.44,0.51,0.38,45.24,21.18,25.52,67.60,0.25,0.46,0.04,26.90,46.40,29.30,0.04,0.04,78.99,72.34
W06000019,Blaenau Gwent,0.32,0.40,0.41,0.61,0.19,83.45,53.87,60.33,48.96,21.60,0.46,0.28,0.64,36.30,1.74,63.93,0.39,0.29,0.49,58.38,500.80,30.20,0.33,0.23,0.42,30.30,14.18,14.18,80.12,0.23,0.13,0.33,9.80,60.28,49.18,0.09,0.09,79.96,72.24
E07000033,Bolsover,0.40,0.41,0.40,0.52,0.32,83.13,54.43,51.50,53.95,24.14,0.46,0.36,0.56,37.70,1.83,56.77,0.41,0.16,0.65,52.16,448.80,36.17,0.37,0.45,0.29,56.76,13.94,8.92,68.35,0.48,0.58,0.37,33.00,65.10,48.80,0.27,0.27,81.70,74.97
E08000001,Bolton,0.39,0.50,0.60,0.66,0.25,87.91,56.42,60.57,49.25,26.02,0.43,0.40,0.47,22.90,2.28,47.68,0.41,0.23,0.59,50.11,528.30,34.01,0.31,0.35,0.27,33.33,18.54,17.59,59.99,0.30,0.24,0.36,15.40,65.20,47.30,0.38,0.38,81.11,79.41
E07000136,Boston,0.41,0.40,0.45,0.44,0.31,84.34,48.43,53.30,55.19,20.90,0.57,0.36,0.78,37.70,1.83,77.16,0.31,0.14,0.49,48.88,459.40,30.28,0.44,0.32,0.56,33.33,17.20,35.38,82.32,0.36,0.33,0.38,19.90,65.00,50.30,0.41,0.41,82.36,78.34
E06000058,"Bournemouth, Christchurch and Poole",0.51,0.46,0.70,0.31,0.36,90.19,46.71,44.25,51.89,31.06,0.72,1.00,0.45,48.80,2.51,46.06,0.47,0.33,0.61,58.46,528.00,34.66,0.46,0.38,0.55,40.79,16.80,25.93,87.98,0.43,0.32,0.53,19.80,72.80,58.80,0.50,0.50,83.74,78.90
E06000036,Bracknell Forest,0.60,0.46,0.29,0.42,0.67,80.64,50.59,48.50,62.84,38.35,0.74,0.67,0.81,36.50,2.33,79.90,0.71,0.53,0.90,64.24,639.40,45.27,0.47,0.48,0.47,48.78,18.66,17.45,83.46,0.44,0.46,0.41,27.00,66.70,51.10,0.77,0.77,85.38,84.79
E08000032,Bradford,0.37,0.40,0.32,0.70,0.18,81.24,58.25,62.14,46.62,24.97,0.43,0.35,0.52,38.50,1.79,52.37,0.40,0.15,0.65,44.54,514.40,36.27,0.39,0.44,0.34,45.56,18.02,21.93,64.33,0.20,0.15,0.26,10.70,59.80,40.40,0.38,0.38,81.54,78.84
E07000067,Braintree,0.43,0.50,0.53,0.55,0.43,86.26,55.65,52.82,55.41,30.67,0.38,0.27,0.49,35.00,1.76,50.03,0.52,0.27,0.76,48.11,579.60,40.18,0.32,0.30,0.34,34.69,15.53,15.36,70.05,0.31,0.26,0.36,16.30,65.50,46.60,0.56,0.56,83.28,81.65
E07000143,Breckland,0.41,0.44,0.41,0.61,0.30,83.46,56.88,56.09,51.58,26.47,0.44,0.27,0.61,35.00,1.76,61.06,0.33,0.10,0.55,44.04,472.60,32.57,0.33,0.24,0.43,30.61,14.48,26.53,72.07,0.42,0.46,0.38,26.60,64.80,49.30,0.50,0.50,84.04,78.57
E09000005,Brent,0.43,0.38,0.25,0.54,0.35,79.61,53.83,54.15,53.33,27.56,0.52,0.43,0.60,29.70,2.15,60.09,0.22,0.19,0.26,39.57,594.20,21.63,0.42,0.43,0.41,40.35,19.57,35.73,63.17,0.35,0.21,0.50,13.90,72.40,55.40,0.68,0.68,85.04,82.60
E07000068,Brentwood,0.49,0.54,0.53,0.55,0.53,86.26,55.65,52.82,55.33,38.97,0.43,0.27,0.59,35.00,1.76,59.36,0.56,0.28,0.84,48.11,583.70,43.10,0.45,0.24,0.66,24.32,17.32,41.35,90.88,0.25,0.14,0.36,10.00,65.50,46.60,0.73,0.73,84.71,84.71
W06000013,Bridgend,0.42,0.53,0.67,0.60,0.32,89.52,54.49,58.36,50.78,29.50,0.47,0.28,0.65,36.30,1.74,65.27,0.48,0.25,0.71,55.32,489.00,38.17,0.31,0.22,0.39,27.45,14.99,22.97,70.02,0.48,0.45,0.51,26.40,70.70,59.32,0.28,0.28,81.18,76.25
E06000043,Brighton and Hove,0.50,0.48,0.40,0.50,0.53,83.28,57.47,46.12,56.35,37.51,0.58,0.67,0.48,36.50,2.33,49.50,0.50,0.47,0.54,64.79,589.00,31.88,0.51,0.53,0.49,51.85,19.47,24.20,81.83,0.42,0.36,0.48,21.60,71.20,54.40,0.51,0.51,83.22,80.24
E06000023,"Bristol, City of",0.54,0.64,0.64,0.74,0.54,88.84,56.02,67.89,58.22,35.28,0.75,1.00,0.51,48.80,2.51,51.74,0.58,0.58,0.58,72.17,611.30,33.44,0.41,0.40,0.42,41.43,17.72,25.68,72.60,0.40,0.43,0.36,25.40,65.80,46.60,0.48,0.48,82.69,80.19
E07000144,Broadland,0.46,0.47,0.41,0.61,0.38,83.46,56.88,56.09,52.53,31.33,0.39,0.27,0.51,35.00,1.76,52.16,0.44,0.15,0.73,44.04,513.60,38.95,0.42,0.23,0.60,31.91,13.68,31.14,90.22,0.45,0.52,0.38,29.90,64.80,49.30,0.62,0.62,85.01,80.54
E09000006,Bromley,0.58,0.48,0.41,0.42,0.60,83.56,46.57,53.82,57.18,41.71,0.45,0.43,0.47,29.70,2.15,48.10,0.76,0.70,0.82,69.44,736.00,42.37,0.47,0.45,0.48,37.93,21.52,31.76,75.43,0.55,0.54,0.57,30.90,75.60,60.90,0.74,0.74,84.78,84.87
E07000234,Bromsgrove,0.51,0.53,,,0.53,,,,54.98,39.44,0.59,0.65,0.53,36.90,2.30,54.13,0.65,0.43,0.87,,613.90,44.29,0.37,0.39,0.36,35.48,19.68,22.51,66.62,0.27,0.15,0.39,10.50,66.10,49.10,0.63,0.63,84.15,82.43
E07000095,Broxbourne,0.49,0.58,0.64,0.68,0.43,88.94,60.85,56.65,56.00,29.96,0.33,0.27,0.39,35.00,1.76,41.02,0.68,0.54,0.82,62.38,670.50,42.38,0.36,0.40,0.32,36.67,19.46,33.60,54.60,0.34,0.11,0.56,8.60,76.00,59.50,0.63,0.63,84.00,82.73
E07000172,Broxtowe,0.45,0.53,0.62,0.56,0.41,88.34,55.66,53.20,52.78,33.54,0.53,0.36,0.70,37.70,1.83,69.73,0.47,0.25,0.70,48.79,552.70,37.83,0.51,0.45,0.57,47.73,17.55,47.26,75.44,0.24,0.07,0.42,6.50,68.20,51.00,0.43,0.43,82.64,78.66
E06000060,Buckinghamshire,0.57,0.48,0.33,0.54,0.56,81.58,55.17,52.74,56.70,39.46,0.61,0.67,0.56,36.50,2.33,56.28,0.67,0.51,0.83,61.07,653.80,42.79,0.40,0.29,0.52,28.57,17.69,34.90,77.49,0.52,0.43,0.60,25.20,76.90,63.50,0.76,0.76,85.08,84.94
E07000117,Burnley,0.39,0.42,0.49,0.56,0.21,85.43,52.57,57.80,48.70,23.49,0.49,0.40,0.59,22.90,2.28,58.92,0.40,0.27,0.54,54.96,511.30,32.05,0.40,0.33,0.47,35.56,16.83,28.88,76.27,0.35,0.32,0.39,19.30,67.00,48.50,0.26,0.26,80.29,77.02
E08000002,Bury,0.46,0.39,0.12,0.64,0.42,76.64,58.22,56.98,53.58,32.49,0.48,0.40,0.56,22.90,2.28,56.67,0.55,0.36,0.74,54.26,597.70,39.59,0.54,0.55,0.54,41.18,25.14,26.26,85.69,0.35,0.36,0.34,21.80,65.60,43.90,0.44,0.44,81.97,80.01
W06000018,Caerphilly,0.38,0.39,0.47,0.43,0.28,84.88,50.66,49.19,50.73,26.27,0.42,0.28,0.55,36.30,1.74,55.75,0.48,0.27,0.68,54.78,516.10,37.27,0.41,0.37,0.45,39.13,17.34,32.28,70.57,0.39,0.32,0.46,19.50,69.79,53.52,0.22,0.22,81.12,74.36
E08000033,Calderdale,0.47,0.54,0.63,0.61,0.38,88.60,56.33,56.67,52.33,31.85,0.45,0.35,0.55,38.50,1.79,55.61,0.52,0.37,0.67,61.37,540.00,36.82,0.52,0.51,0.53,47.06,20.52,31.48,81.83,0.34,0.25,0.42,16.10,68.60,50.40,0.46,0.46,82.46,79.71
E07000008,Cambridge,0.42,0.47,0.43,0.47,0.51,84.01,52.41,50.60,54.17,39.44,0.25,0.27,0.24,35.00,1.76,26.59,0.41,0.49,0.32,55.63,692.80,24.07,0.48,0.39,0.57,40.48,17.83,28.85,88.43,0.46,0.48,0.45,27.90,68.60,53.70,0.42,0.42,84.93,74.61
E09000007,Camden,0.50,0.59,0.46,0.78,0.53,84.74,68.08,55.88,53.59,42.44,0.32,0.43,0.21,29.70,2.15,24.18,0.37,0.66,0.08,69.32,703.90,15.18,0.52,0.57,0.47,58.18,18.67,19.43,82.41,0.40,0.30,0.50,18.60,72.40,56.20,0.77,0.77,87.73,80.83
E07000192,Cannock Chase,0.44,0.47,0.61,0.42,0.37,88.25,48.26,51.84,54.66,26.46,0.64,0.65,0.63,36.90,2.30,63.05,0.51,0.28,0.74,54.09,527.40,39.44,0.31,0.39,0.24,43.90,16.13,5.87,63.73,0.32,0.30,0.35,18.50,64.70,45.50,0.39,0.39,82.57,77.55
E07000106,Canterbury,0.45,0.42,0.55,0.46,0.25,86.68,51.56,50.35,46.46,30.37,0.72,0.67,0.78,36.50,2.33,76.81,0.46,0.37,0.55,61.93,527.50,32.46,0.49,0.31,0.67,30.77,17.79,41.61,91.01,0.25,0.08,0.43,7.20,68.20,51.90,0.39,0.39,83.42,75.99
W06000015,Cardiff,0.46,0.49,0.59,0.51,0.36,87.63,56.22,48.47,50.86,32.62,0.43,0.28,0.59,36.30,1.74,58.93,0.51,0.43,0.59,65.29,546.60,33.82,0.47,0.41,0.53,43.04,17.47,32.35,80.53,0.46,0.34,0.57,20.70,74.73,62.02,0.40,0.40,82.77,77.31
E07000028,Carlisle,0.37,0.46,0.60,0.40,0.37,87.99,51.59,45.53,54.27,27.47,0.47,0.40,0.54,22.90,2.28,55.14,0.40,0.17,0.64,49.52,479.40,35.60,0.19,0.27,0.12,30.43,15.88,0.00,53.05,0.28,0.27,0.30,16.80,61.10,44.50,0.42,0.42,82.25,78.78
W06000010,Carmarthenshire,0.42,0.48,0.56,0.58,0.29,87.08,56.15,54.34,49.39,29.40,0.51,0.28,0.73,36.30,1.74,72.86,0.49,0.43,0.55,62.86,575.00,32.56,0.29,0.25,0.33,30.67,14.98,15.77,67.82,0.45,0.39,0.51,23.30,73.32,56.71,0.30,0.30,82.28,75.10
E07000069,Castle Point,0.44,0.45,0.53,0.55,0.27,86.26,55.65,52.82,49.84,27.05,0.43,0.27,0.60,35.00,1.76,60.46,0.54,0.24,0.83,48.11,556.50,42.65,0.36,0.27,0.45,26.83,17.38,35.10,69.12,0.37,0.38,0.36,22.90,65.50,46.60,0.49,0.49,83.13,79.65
N09000004,Causeway Coast and Glens,0.47,0.46,0.53,0.59,0.25,86.20,57.20,54.10,48.75,27.13,0.45,0.27,0.62,26.40,1.99,62.48,0.61,0.63,0.59,83.60,543.80,33.76,0.32,0.28,0.36,37.50,13.78,36.52,57.44,0.58,0.22,0.93,14.50,93.60,85.50,0.38,0.38,82.61,76.96
E06000056,Central Bedfordshire,0.52,0.58,0.69,0.46,0.58,90.10,49.65,53.27,59.70,36.13,0.42,0.27,0.57,35.00,1.76,57.24,0.72,0.54,0.91,64.81,643.70,45.60,0.46,0.35,0.57,34.92,18.06,27.96,89.16,0.29,0.23,0.36,14.70,63.60,48.20,0.66,0.66,83.98,83.60
W06000008,Ceredigion,0.40,0.54,0.63,0.76,0.24,88.68,66.16,56.35,45.97,30.44,0.30,0.28,0.31,36.30,1.74,33.06,0.40,0.44,0.37,63.32,572.00,25.64,0.43,0.29,0.57,28.95,17.67,37.14,81.76,0.42,0.33,0.50,20.30,69.94,59.43,0.33,0.33,83.71,73.81
E07000130,Charnwood,0.47,0.54,0.67,0.56,0.38,89.59,55.73,53.30,52.76,31.02,0.46,0.36,0.56,37.70,1.83,56.57,0.51,0.28,0.75,53.27,539.70,39.68,0.52,0.52,0.51,59.62,15.84,34.37,77.26,0.31,0.18,0.43,12.50,68.10,51.90,0.50,0.50,83.64,79.19
E07000070,Chelmsford,0.50,0.53,0.53,0.55,0.52,86.26,55.65,52.82,56.43,36.51,0.39,0.27,0.51,35.00,1.76,51.47,0.59,0.37,0.81,48.11,660.70,41.87,0.51,0.47,0.55,49.12,17.77,31.41,83.29,0.32,0.27,0.36,17.00,65.50,46.60,0.70,0.70,84.58,83.73
E07000078,Cheltenham,0.57,0.53,0.62,0.45,0.52,88.50,50.82,50.33,56.05,36.90,0.71,1.00,0.43,48.80,2.51,43.97,0.54,0.45,0.63,59.40,625.50,35.19,0.49,0.29,0.69,32.50,16.01,34.42,98.89,0.59,0.63,0.54,35.80,74.00,59.10,0.54,0.54,83.43,80.81
E07000177,Cherwell,0.53,0.57,0.57,0.54,0.59,87.26,53.90,54.37,60.75,35.09,0.64,0.67,0.61,36.50,2.33,60.98,0.56,0.38,0.75,61.40,542.30,39.66,0.38,0.26,0.50,27.08,16.73,46.03,67.64,0.40,0.35,0.45,21.00,68.80,54.50,0.65,0.65,83.85,83.62
E06000049,Cheshire East,0.52,0.64,0.72,0.71,0.49,90.86,63.05,56.00,54.48,36.85,0.48,0.40,0.57,22.90,2.28,57.35,0.56,0.37,0.75,57.52,574.90,39.94,0.49,0.43,0.55,45.12,17.42,36.25,80.52,0.35,0.27,0.43,17.20,69.50,50.30,0.59,0.59,83.79,81.71
E06000050,Cheshire West and Chester,0.50,0.62,0.72,0.71,0.43,90.86,63.05,56.00,53.44,34.02,0.52,0.40,0.64,22.90,2.28,64.19,0.52,0.33,0.70,57.52,541.60,38.12,0.46,0.33,0.58,34.29,17.49,37.92,82.59,0.36,0.33,0.39,20.20,66.70,48.70,0.52,0.52,83.36,80.15
E07000034,Chesterfield,0.40,0.41,0.40,0.52,0.33,83.13,54.43,51.50,51.92,27.77,0.44,0.36,0.53,37.70,1.83,53.31,0.38,0.19,0.56,52.16,470.00,32.93,0.45,0.42,0.48,50.00,15.14,14.64,87.79,0.43,0.49,0.37,28.40,65.10,48.80,0.27,0.27,81.75,75.12
E07000225,Chichester,0.51,0.44,0.33,0.63,0.37,81.54,57.73,56.63,49.08,35.91,0.65,0.67,0.64,36.50,2.33,63.81,0.43,0.38,0.48,60.58,553.60,29.89,0.53,0.34,0.72,36.11,16.96,66.42,80.28,0.41,0.40,0.41,23.80,67.00,51.00,0.60,0.60,84.52,80.87
E07000118,Chorley,0.47,0.53,0.49,0.56,0.53,85.43,52.57,57.80,57.29,35.83,0.53,0.40,0.67,22.90,2.28,66.60,0.59,0.35,0.83,54.96,577.70,42.58,0.34,0.40,0.27,43.90,16.59,13.20,62.87,0.38,0.37,0.39,21.90,67.00,48.50,0.48,0.48,81.93,81.30
S12000005,Clackmannanshire,0.42,0.40,0.73,0.06,,90.91,37.94,35.34,,,0.55,0.10,1.00,20.10,1.90,97.75,0.35,0.35,,60.60,527.00,,0.47,0.37,0.57,38.89,17.13,29.82,87.22,0.51,0.43,0.59,25.00,85.64,51.11,0.24,0.24,80.62,
E07000071,Colchester,0.46,0.51,0.53,0.55,0.44,86.26,55.65,52.82,54.74,32.23,0.38,0.27,0.50,35.00,1.76,50.86,0.49,0.29,0.69,48.11,591.40,37.69,0.48,0.36,0.60,39.22,16.58,25.02,94.63,0.32,0.28,0.36,17.60,65.50,46.60,0.56,0.56,83.56,81.14
W06000003,Conwy,0.38,0.46,0.49,0.60,0.27,85.38,53.07,60.34,47.42,31.04,0.40,0.28,0.51,36.30,1.74,51.70,0.40,0.28,0.51,48.41,583.40,31.00,0.30,0.36,0.23,38.18,17.31,19.97,52.35,0.37,0.28,0.47,17.40,69.75,55.55,0.38,0.38,83.05,76.32
E07000029,Copeland,0.35,0.44,0.60,0.40,0.31,87.99,51.59,45.53,51.65,27.15,0.37,0.40,0.34,22.90,2.28,35.96,0.46,0.31,0.61,49.52,598.10,34.73,0.25,0.29,0.21,30.43,17.19,29.30,43.42,0.28,0.26,0.30,16.20,61.10,44.50,0.33,0.33,81.76,76.74
E06000052,Cornwall,0.46,0.40,0.48,0.42,0.29,85.13,49.34,49.95,49.44,29.06,0.77,1.00,0.54,48.80,2.51,54.59,0.37,0.23,0.50,53.06,500.90,30.61,0.35,0.26,0.45,26.44,17.11,30.41,71.78,0.40,0.47,0.32,27.50,63.00,44.10,0.46,0.46,83.70,77.88
E07000079,Cotswold,0.56,0.51,0.62,0.45,0.45,88.50,50.82,50.33,52.85,36.77,0.74,1.00,0.49,48.80,2.51,49.77,0.50,0.42,0.57,59.40,599.20,33.07,0.48,0.30,0.67,29.41,17.64,38.59,94.04,0.44,0.33,0.54,20.30,74.00,59.10,0.69,0.69,84.75,83.13
E06000047,County Durham,0.37,0.44,0.66,0.41,0.24,89.25,45.95,54.21,48.34,26.45,0.43,0.31,0.56,28.80,1.98,56.99,0.47,0.36,0.58,62.03,519.70,33.62,0.36,0.32,0.40,35.71,16.09,27.21,68.82,0.30,0.26,0.33,16.50,62.80,46.20,0.22,0.22,81.24,74.40
E08000026,Coventry,0.40,0.36,0.57,0.22,0.27,87.21,41.48,43.89,50.94,25.15,0.58,0.65,0.50,36.90,2.30,51.05,0.41,0.26,0.56,50.52,546.90,32.63,0.37,0.36,0.38,33.33,18.94,16.57,73.61,0.34,0.33,0.35,20.30,65.80,44.80,0.37,0.37,81.97,77.83
E07000163,Craven,0.43,0.56,0.66,0.58,0.43,89.27,58.95,50.80,52.13,36.36,0.39,0.35,0.43,38.50,1.79,44.53,0.40,0.22,0.59,54.88,472.80,33.85,0.34,0.27,0.41,26.67,17.70,32.16,66.50,0.25,0.06,0.44,5.90,68.80,52.50,0.65,0.65,84.97,81.73
E07000226,Crawley,0.49,0.46,0.33,0.63,0.43,81.54,57.73,56.63,57.78,26.59,0.69,0.67,0.70,36.50,2.33,69.93,0.52,0.38,0.65,60.58,550.00,36.21,0.35,0.40,0.30,44.44,16.45,0.00,75.65,0.30,0.19,0.41,12.60,67.00,51.00,0.61,0.61,83.80,82.31
E09000008,Croydon,0.52,0.38,0.31,0.31,0.53,81.08,47.47,43.21,57.61,35.20,0.46,0.43,0.49,29.70,2.15,49.61,0.59,0.57,0.61,59.53,724.20,34.48,0.62,0.58,0.65,51.43,22.37,36.25,92.81,0.44,0.43,0.46,25.10,72.70,49.70,0.63,0.63,83.65,83.18
E07000096,Dacorum,0.49,0.63,0.64,0.68,0.58,88.94,60.85,56.65,58.30,38.00,0.33,0.27,0.39,35.00,1.76,40.43,0.57,0.40,0.74,62.38,552.30,39.49,0.37,0.41,0.32,41.18,18.40,22.77,62.17,0.39,0.22,0.56,14.60,76.00,59.50,0.66,0.66,83.95,83.64
E06000005,Darlington,0.45,0.46,0.36,0.65,0.35,82.36,56.35,60.30,52.54,28.87,0.44,0.31,0.58,28.80,1.98,58.07,0.45,0.26,0.63,59.45,460.60,35.54,0.53,0.43,0.63,42.00,19.03,45.98,83.04,0.43,0.42,0.44,24.80,69.20,52.30,0.37,0.37,81.24,78.91
E07000107,Dartford,0.55,0.53,0.55,0.46,0.57,86.68,51.56,50.35,60.58,33.99,0.56,0.67,0.45,36.50,2.33,46.09,0.71,0.49,0.92,61.93,630.00,46.12,0.54,0.41,0.66,35.71,20.75,47.19,85.92,0.36,0.28,0.43,17.70,68.20,51.90,0.61,0.61,82.40,84.63
W06000004,Denbighshire,0.39,0.45,0.49,0.57,0.29,85.22,56.94,52.52,48.80,30.49,0.42,0.28,0.55,36.30,1.74,55.48,0.39,0.22,0.55,52.12,501.30,32.40,0.43,0.34,0.52,37.50,16.45,23.68,85.12,0.42,0.41,0.42,24.10,66.13,54.08,0.26,0.26,81.13,75.69
E06000015,Derby,0.39,0.41,0.41,0.52,0.29,83.56,53.97,52.49,51.20,26.13,0.38,0.36,0.39,37.70,1.83,40.59,0.48,0.39,0.57,62.72,542.70,33.23,0.36,0.34,0.38,33.33,18.02,23.58,68.98,0.39,0.48,0.30,27.60,61.50,43.80,0.35,0.35,81.53,77.91
E07000035,Derbyshire Dales,0.46,0.44,0.40,0.52,0.40,83.13,54.43,51.50,50.37,36.57,0.50,0.36,0.65,37.70,1.83,64.55,0.44,0.35,0.52,52.16,610.00,31.18,0.43,0.21,0.65,23.53,15.87,42.69,87.94,0.34,0.30,0.37,18.70,65.10,48.80,0.62,0.62,84.96,80.82
N09000005,Derry City and Strabane,0.43,0.45,0.53,0.59,0.22,86.20,57.20,54.10,48.06,25.37,0.37,0.27,0.47,26.40,1.99,47.73,0.62,0.66,0.57,83.60,566.00,33.24,0.31,0.27,0.36,37.50,12.89,35.63,57.75,0.56,0.22,0.90,14.50,90.40,85.80,0.26,0.26,81.55,74.95
E08000017,Doncaster,0.38,0.53,0.71,0.62,0.27,90.56,62.02,50.41,51.19,24.06,0.43,0.35,0.51,38.50,1.79,52.19,0.37,0.13,0.62,44.19,499.00,34.91,0.29,0.40,0.17,45.45,16.11,18.45,46.75,0.33,0.28,0.38,17.50,67.40,46.60,0.30,0.30,81.04,77.25
E06000059,Dorset,0.48,0.38,0.43,0.41,0.31,83.92,55.72,40.50,48.19,32.93,0.78,1.00,0.56,48.80,2.51,56.83,0.44,0.36,0.52,56.72,567.90,31.17,0.45,0.29,0.61,30.49,17.06,34.86,88.77,0.29,0.24,0.34,15.40,65.00,44.50,0.56,0.56,84.93,79.05
E07000108,Dover,0.45,0.43,0.55,0.46,0.29,86.68,51.56,50.35,49.43,29.33,0.58,0.67,0.49,36.50,2.33,49.63,0.51,0.46,0.57,61.93,604.30,33.06,0.35,0.26,0.45,28.13,16.51,35.85,68.05,0.42,0.41,0.43,24.10,68.20,51.90,0.40,0.40,82.76,77.56
E08000027,Dudley,0.46,0.54,0.66,0.69,0.28,89.38,68.47,47.51,50.46,26.43,0.69,0.65,0.73,36.90,2.30,72.06,0.48,0.32,0.63,58.42,525.00,35.38,0.38,0.33,0.42,30.56,18.86,35.17,65.50,0.28,0.27,0.29,17.10,63.60,39.80,0.39,0.39,82.22,78.00
S12000006,Dumfries and Galloway,0.35,0.44,0.47,0.41,,84.96,52.41,45.05,,,0.29,0.10,0.47,20.10,1.90,48.00,0.21,0.21,,49.65,517.10,,0.37,0.28,0.47,32.56,15.67,21.61,80.62,0.45,0.26,0.64,16.40,89.16,52.70,0.33,0.33,81.47,
S12000042,Dundee City,0.40,0.53,0.56,0.50,,86.93,43.59,64.65,,,0.34,0.10,0.57,20.10,1.90,57.58,0.39,0.39,,56.13,604.50,,0.42,0.28,0.56,34.48,14.88,28.88,87.33,0.58,0.46,0.71,26.80,90.76,59.43,0.11,0.11,79.38,
E09000009,Ealing,0.52,0.62,0.65,0.80,0.43,89.08,65.88,60.14,53.94,32.77,0.41,0.43,0.39,29.70,2.15,41.04,0.48,0.52,0.43,60.61,671.90,28.08,0.47,0.40,0.53,38.57,18.91,25.62,85.94,0.46,0.33,0.60,20.00,79.10,60.50,0.66,0.66,84.14,83.29
S12000008,East Ayrshire,0.35,0.52,0.57,0.46,,87.20,53.36,48.32,,,0.28,0.10,0.45,20.10,1.90,46.49,0.21,0.21,,43.57,573.90,,0.47,0.39,0.55,40.63,17.45,28.13,86.18,0.49,0.34,0.64,20.50,83.00,61.38,0.16,0.16,79.81,
E07000009,East Cambridgeshire,0.49,0.48,0.43,0.47,0.55,84.01,52.41,50.60,57.97,36.05,0.32,0.27,0.37,35.00,1.76,38.82,0.54,0.35,0.74,55.63,569.60,39.54,0.57,0.43,0.71,50.00,15.63,50.63,89.74,0.37,0.29,0.45,18.10,68.60,53.70,0.66,0.66,84.82,82.06
E07000040,East Devon,0.52,0.40,0.54,0.33,0.33,86.41,47.32,45.02,48.32,33.90,0.73,1.00,0.47,48.80,2.51,47.79,0.43,0.31,0.55,55.72,535.70,32.58,0.50,0.31,0.69,35.00,16.06,44.84,90.90,0.46,0.52,0.40,30.10,66.70,50.40,0.61,0.61,85.32,79.94
S12000045,East Dunbartonshire,0.53,0.56,0.65,0.47,,89.07,52.54,49.86,,,0.38,0.10,0.66,20.10,1.90,66.23,0.64,0.64,,65.18,727.40,,0.51,0.32,0.69,31.82,17.93,42.36,93.24,0.57,0.26,0.87,16.60,94.67,76.50,0.54,0.54,83.43,
E07000085,East Hampshire,0.54,0.53,0.63,0.47,0.51,88.58,51.89,50.75,54.72,38.09,0.56,0.67,0.45,36.50,2.33,46.32,0.59,0.40,0.78,55.31,616.70,40.98,0.50,0.35,0.65,34.88,18.01,38.15,91.37,0.35,0.32,0.39,19.50,65.50,50.20,0.71,0.71,84.88,83.61
E07000242,East Hertfordshire,0.55,0.64,0.64,0.68,0.61,88.94,60.85,56.65,58.72,40.22,0.35,0.27,0.43,35.00,1.76,44.31,0.74,0.63,0.86,62.38,743.00,43.75,0.37,0.29,0.45,28.00,17.87,43.52,62.81,0.42,0.27,0.56,17.10,76.00,59.50,0.76,0.76,84.98,85.11
E07000137,East Lindsey,0.34,0.32,0.45,0.44,0.08,84.34,48.43,53.30,41.74,24.15,0.58,0.36,0.80,37.70,1.83,79.06,0.30,0.19,0.40,48.88,505.10,27.06,0.39,0.18,0.60,20.00,16.17,33.09,88.88,0.26,0.14,0.38,10.10,65.00,50.30,0.18,0.18,81.62,72.31
S12000010,East Lothian,0.45,0.53,0.55,0.52,,86.76,50.65,56.56,,,0.29,0.10,0.48,20.10,1.90,49.41,0.38,0.38,,59.32,563.10,,0.40,0.34,0.47,36.36,16.84,32.08,73.59,0.58,0.47,0.70,27.50,91.82,56.67,0.48,0.48,82.86,
S12000011,East Renfrewshire,0.55,0.67,0.65,0.70,,89.11,62.03,56.69,,,0.33,0.10,0.56,20.10,1.90,56.58,0.51,0.51,,61.09,652.40,,0.56,0.42,0.69,38.89,19.83,46.08,90.68,0.63,0.31,0.96,19.00,96.14,85.64,0.59,0.59,83.96,
E06000011,East Riding of Yorkshire,0.43,0.42,0.40,0.51,0.34,83.28,57.51,46.93,50.53,31.71,0.47,0.35,0.58,38.50,1.79,58.33,0.50,0.33,0.67,55.82,551.30,36.96,0.33,0.31,0.36,35.82,15.47,23.29,66.69,0.34,0.31,0.38,18.80,66.30,47.90,0.49,0.49,83.53,78.97
E07000193,East Staffordshire,0.48,0.47,0.61,0.42,0.37,88.25,48.26,51.84,54.28,27.67,0.59,0.65,0.54,36.90,2.30,54.25,0.46,0.24,0.68,54.09,496.80,37.19,0.39,0.37,0.42,40.54,16.42,26.19,71.51,0.47,0.60,0.35,33.90,64.70,45.50,0.50,0.50,82.52,80.82
E07000244,East Suffolk,0.41,0.53,0.68,0.65,0.25,89.95,59.00,56.40,47.33,28.87,0.44,0.27,0.62,35.00,1.76,61.86,0.36,0.21,0.51,51.52,493.00,30.92,0.29,0.31,0.27,36.36,15.48,16.55,60.22,0.40,0.46,0.33,26.60,63.40,45.60,0.48,0.48,83.83,78.05
E07000061,Eastbourne,0.45,0.30,0.19,0.43,0.28,78.31,50.71,48.89,48.10,30.18,0.66,0.67,0.65,36.50,2.33,64.58,0.46,0.45,0.48,57.75,634.20,29.68,0.52,0.41,0.63,40.74,18.28,42.63,85.19,0.34,0.33,0.35,20.20,64.80,46.20,0.41,0.41,83.62,76.26
E07000086,Eastleigh,0.57,0.55,0.63,0.47,0.57,88.58,51.89,50.75,59.20,35.92,0.60,0.67,0.53,36.50,2.33,53.71,0.63,0.39,0.87,55.31,607.80,44.22,0.45,0.36,0.54,41.03,16.06,36.97,78.81,0.48,0.57,0.39,32.50,65.50,50.20,0.70,0.70,84.78,83.45
E07000030,Eden,0.44,0.47,0.60,0.40,0.40,87.99,51.59,45.53,54.11,30.58,0.46,0.40,0.52,22.90,2.28,52.37,0.33,0.19,0.47,49.52,496.20,29.55,0.42,0.33,0.51,40.00,14.97,27.05,81.67,0.29,0.21,0.38,13.60,66.60,48.20,0.69,0.69,85.89,81.39
S12000036,"Edinburgh, City of",0.47,0.53,0.44,0.62,,84.27,56.53,57.60,,,0.29,0.10,0.48,20.10,1.90,49.34,0.53,0.53,,67.16,612.30,,0.53,0.44,0.63,42.86,18.84,38.80,87.82,0.52,0.32,0.72,19.70,89.93,62.26,0.43,0.43,82.36,
E07000207,Elmbridge,0.57,0.62,0.59,0.64,0.63,87.75,60.04,54.87,56.27,46.04,0.49,0.67,0.31,36.50,2.33,33.17,0.68,0.45,0.90,56.29,654.40,45.45,0.39,0.35,0.43,33.33,18.53,36.40,66.01,0.39,0.25,0.53,16.10,74.70,57.30,0.86,0.86,85.59,87.28
E09000010,Enfield,0.44,0.28,0.30,0.21,0.33,80.90,38.75,46.78,51.40,29.06,0.44,0.43,0.44,29.70,2.15,45.62,0.43,0.39,0.47,52.00,639.90,29.34,0.48,0.44,0.53,38.10,20.86,39.57,75.32,0.40,0.31,0.48,19.00,72.50,53.60,0.63,0.63,84.22,82.22
E07000072,Epping Forest,0.52,0.52,0.53,0.55,0.48,86.26,55.65,52.82,54.97,35.62,0.50,0.27,0.73,35.00,1.76,72.34,0.64,0.49,0.80,48.11,762.00,41.57,0.49,0.34,0.65,34.48,17.83,28.59,97.55,0.30,0.25,0.36,15.80,65.50,46.60,0.66,0.66,83.99,83.57
E07000208,Epsom and Ewell,0.61,0.61,0.59,0.64,0.61,87.75,60.04,54.87,57.56,41.83,0.52,0.67,0.37,36.50,2.33,39.06,0.72,0.52,0.91,56.29,709.10,45.77,0.56,0.36,0.76,34.29,18.57,55.38,92.21,0.45,0.36,0.53,21.70,74.70,57.30,0.81,0.81,85.70,85.42
E07000036,Erewash,0.41,0.44,0.40,0.52,0.40,83.13,54.43,51.50,55.26,28.60,0.39,0.36,0.42,37.70,1.83,43.70,0.48,0.25,0.72,52.16,520.30,38.76,0.36,0.36,0.35,31.91,19.83,13.26,72.63,0.33,0.29,0.37,17.80,65.10,48.80,0.44,0.44,82.84,78.46
E07000041,Exeter,0.48,0.40,0.54,0.33,0.33,86.41,47.32,45.02,50.91,29.98,0.73,1.00,0.47,48.80,2.51,47.77,0.41,0.31,0.52,55.72,539.00,31.21,0.54,0.38,0.70,46.15,14.64,57.46,84.13,0.33,0.25,0.40,16.10,66.70,50.40,0.45,0.45,84.08,76.70
S12000014,Falkirk,0.44,0.62,0.85,0.39,,93.86,48.39,48.60,,,0.39,0.10,0.67,20.10,1.90,67.08,0.49,0.49,,63.70,611.10,,0.42,0.35,0.50,36.67,17.31,33.44,75.71,0.50,0.31,0.69,18.80,87.03,62.55,0.22,0.22,80.36,
E07000087,Fareham,0.58,0.52,0.63,0.47,0.47,88.58,51.89,50.75,53.83,36.52,0.68,0.67,0.69,36.50,2.33,68.93,0.62,0.41,0.83,55.31,623.40,42.73,0.47,0.37,0.57,41.94,16.16,29.76,87.99,0.53,0.67,0.39,37.40,65.50,50.20,0.64,0.64,84.36,82.20
E07000010,Fenland,0.41,0.39,0.43,0.47,0.26,84.01,52.41,50.60,51.02,23.45,0.46,0.27,0.66,35.00,1.76,65.52,0.42,0.24,0.60,55.63,480.80,34.28,0.38,0.23,0.53,30.23,14.40,36.99,77.99,0.47,0.49,0.45,28.20,68.60,53.70,0.33,0.33,82.22,76.22
N09000006,Fermanagh and Omagh,0.51,0.48,0.53,0.59,0.32,86.20,57.20,54.10,51.34,28.51,0.49,0.27,0.72,26.40,1.99,71.08,0.67,0.74,0.60,83.60,631.80,34.20,0.36,0.18,0.55,30.00,11.66,31.55,83.28,0.59,0.22,0.95,14.50,95.20,86.60,0.47,0.47,83.21,78.81
S12000047,Fife,0.42,0.48,0.56,0.41,,86.90,45.08,54.88,,,0.38,0.10,0.65,20.10,1.90,65.00,0.36,0.36,,56.51,571.80,,0.42,0.32,0.53,34.67,16.46,37.04,77.06,0.54,0.47,0.61,27.50,87.26,51.93,0.33,0.33,81.41,
W06000005,Flintshire,0.44,0.53,0.59,0.61,0.41,87.60,57.06,55.57,54.52,30.35,0.38,0.28,0.47,36.30,1.74,48.24,0.52,0.30,0.73,56.79,523.00,39.06,0.37,0.33,0.40,32.84,18.06,15.23,77.41,0.42,0.35,0.50,21.10,70.87,57.50,0.44,0.44,82.17,79.65
E07000112,Folkestone and Hythe,0.43,0.43,0.55,0.46,0.28,86.68,51.56,50.35,48.41,29.91,0.43,0.67,0.19,36.50,2.33,21.46,0.50,0.41,0.58,61.93,566.30,33.46,0.45,0.40,0.50,43.33,17.03,14.74,89.55,0.42,0.40,0.43,23.90,68.20,51.90,0.38,0.38,82.86,76.55
E07000080,Forest of Dean,0.54,0.46,0.62,0.45,0.31,88.50,50.82,50.33,50.53,28.83,0.81,1.00,0.62,48.80,2.51,62.01,0.51,0.40,0.62,59.40,576.80,35.04,0.47,0.20,0.75,21.05,16.36,48.68,95.51,0.51,0.49,0.54,28.20,74.00,59.10,0.49,0.49,83.90,78.39
E07000119,Fylde,0.46,0.47,0.49,0.56,0.35,85.43,52.57,57.80,48.71,35.26,0.58,0.40,0.76,22.90,2.28,74.95,0.49,0.34,0.65,54.96,568.50,36.22,0.40,0.37,0.44,40.54,16.61,35.52,67.18,0.37,0.34,0.39,20.60,67.00,48.50,0.45,0.45,82.90,78.63
E08000037,Gateshead,0.40,0.42,0.62,0.32,0.31,88.47,46.08,45.76,51.22,27.99,0.41,0.31,0.52,28.80,1.98,52.81,0.48,0.39,0.57,63.12,532.20,33.26,0.42,0.45,0.39,51.52,16.12,25.31,68.04,0.38,0.28,0.47,17.70,71.00,53.50,0.28,0.28,81.56,75.77
E07000173,Gedling,0.46,0.55,0.62,0.56,0.47,88.34,55.66,53.20,55.27,34.34,0.50,0.36,0.64,37.70,1.83,64.19,0.46,0.15,0.78,48.79,474.60,40.71,0.43,0.43,0.43,41.46,18.97,15.91,80.09,0.33,0.24,0.42,15.30,68.20,51.00,0.50,0.50,83.13,79.86
S12000049,"Glasgow, City of",0.30,0.33,0.36,0.29,,82.33,43.55,46.97,,,0.27,0.10,0.44,20.10,1.90,45.60,0.32,0.32,,52.63,576.90,,0.42,0.38,0.46,38.82,17.90,31.20,73.08,0.46,0.29,0.64,18.00,87.43,55.03,0.00,0.00,78.28,
E07000081,Gloucester,0.52,0.50,0.62,0.45,0.44,88.50,50.82,50.33,57.75,27.77,0.83,1.00,0.66,48.80,2.51,66.03,0.50,0.29,0.72,59.40,484.00,38.53,0.31,0.41,0.22,46.15,16.31,12.63,56.47,0.51,0.48,0.54,27.80,74.00,59.10,0.48,0.48,82.64,80.10
E07000088,Gosport,0.43,0.48,0.63,0.47,0.35,88.58,51.89,50.75,53.14,27.94,0.57,0.67,0.48,36.50,2.33,49.06,0.44,0.26,0.62,55.31,504.00,34.82,0.36,0.27,0.44,32.14,15.36,28.52,72.40,0.32,0.26,0.39,16.30,65.50,50.20,0.40,0.40,82.45,77.88
E07000109,Gravesham,0.51,0.46,0.55,0.46,0.37,86.68,51.56,50.35,54.15,27.68,0.75,0.67,0.83,36.50,2.33,81.41,0.55,0.41,0.69,61.93,565.30,37.61,0.38,0.39,0.38,35.90,19.62,25.94,66.50,0.34,0.26,0.43,16.20,68.20,51.90,0.55,0.55,83.21,81.43
E07000145,Great Yarmouth,0.33,0.38,0.41,0.61,0.13,83.46,56.88,56.09,46.29,20.73,0.35,0.27,0.43,35.00,1.76,44.61,0.29,0.14,0.44,44.04,506.30,28.21,0.29,0.30,0.27,38.46,14.26,20.93,57.41,0.33,0.28,0.38,17.40,64.80,49.30,0.33,0.33,82.80,75.07
E09000011,Greenwich,0.49,0.48,0.35,0.54,0.55,82.08,56.27,51.25,58.49,35.78,0.38,0.43,0.32,29.70,2.15,34.28,0.50,0.57,0.43,62.43,695.20,27.82,0.63,0.68,0.58,50.91,27.26,35.70,84.99,0.39,0.31,0.48,18.90,72.40,53.10,0.57,0.57,82.81,82.66
E07000209,Guildford,0.57,0.58,0.59,0.64,0.50,87.75,60.04,54.87,54.06,38.79,0.54,0.67,0.41,36.50,2.33,42.36,0.63,0.54,0.73,56.29,724.70,38.89,0.54,0.48,0.59,52.08,17.26,49.33,76.46,0.43,0.33,0.53,19.90,74.70,57.30,0.69,0.69,85.60,82.02
W06000002,Gwynedd,0.40,0.44,0.53,0.50,0.30,86.25,57.22,46.76,49.43,29.98,0.42,0.28,0.56,36.30,1.74,56.53,0.29,0.17,0.41,48.16,494.50,27.32,0.35,0.37,0.33,39.13,17.26,25.11,61.17,0.47,0.49,0.46,28.10,69.28,55.21,0.45,0.45,83.10,78.30
E09000012,Hackney,0.49,0.54,0.28,0.66,0.69,80.39,57.35,59.73,62.13,41.18,0.39,0.43,0.35,29.70,2.15,37.37,0.36,0.59,0.12,54.70,785.90,16.61,0.57,0.55,0.59,49.12,21.88,46.69,78.28,0.44,0.33,0.56,20.20,77.60,56.80,0.64,0.64,83.69,83.28
E06000006,Halton,0.43,0.53,0.72,0.54,0.34,90.70,54.02,54.29,53.46,26.25,0.52,0.40,0.64,22.90,2.28,64.35,0.45,0.26,0.65,52.18,527.60,36.18,0.43,0.35,0.52,42.59,14.57,32.10,79.98,0.33,0.31,0.35,18.90,63.40,47.80,0.31,0.31,81.38,76.96
E07000164,Hambleton,0.48,0.55,0.66,0.58,0.43,89.27,58.95,50.80,51.99,36.04,0.48,0.35,0.60,38.50,1.79,60.16,0.40,0.28,0.53,54.88,519.20,31.77,0.32,0.23,0.41,26.67,15.51,29.82,67.99,0.47,0.51,0.44,29.20,68.80,52.50,0.64,0.64,84.75,81.85
E09000013,Hammersmith and Fulham,0.50,0.63,0.48,0.70,0.70,85.16,51.54,70.52,60.76,44.37,0.27,0.43,0.10,29.70,2.15,13.96,0.36,0.54,0.19,55.10,737.20,19.13,0.62,0.53,0.71,46.00,21.93,37.34,99.75,0.41,0.17,0.65,12.00,81.60,64.00,0.72,0.72,83.88,85.52
E07000131,Harborough,0.57,0.60,0.67,0.56,0.57,89.59,55.73,53.30,57.06,39.11,0.59,0.36,0.81,37.70,1.83,79.82,0.62,0.37,0.88,53.27,612.70,44.47,0.47,0.30,0.64,26.47,19.29,23.57,100.00,0.41,0.40,0.43,23.70,68.10,51.90,0.71,0.71,84.37,84.49
E09000014,Haringey,0.47,0.49,0.46,0.42,0.58,84.52,48.54,51.51,59.01,36.90,0.43,0.43,0.43,29.70,2.15,44.66,0.35,0.43,0.28,49.41,696.10,22.50,0.58,0.70,0.45,64.91,22.30,23.30,77.64,0.34,0.22,0.46,14.40,71.20,52.30,0.65,0.65,84.37,82.76
E07000073,Harlow,0.40,0.51,0.53,0.55,0.45,86.26,55.65,52.82,58.41,27.29,0.41,0.27,0.56,35.00,1.76,56.13,0.44,0.23,0.65,48.11,541.40,35.98,0.31,0.37,0.26,27.27,22.30,19.63,56.15,0.26,0.16,0.36,11.40,65.50,46.60,0.49,0.49,82.49,80.55
E07000165,Harrogate,0.53,0.58,0.66,0.58,0.51,89.27,58.95,50.80,54.90,38.50,0.48,0.35,0.60,38.50,1.79,60.20,0.50,0.32,0.68,54.88,552.70,37.07,0.48,0.23,0.73,26.67,15.51,50.56,91.88,0.45,0.46,0.44,26.60,68.80,52.50,0.68,0.68,85.06,82.34
E09000015,Harrow,0.53,0.47,0.32,0.66,0.42,81.34,64.01,51.32,53.64,32.92,0.50,0.35,0.64,38.50,1.79,64.40,0.55,0.53,0.56,59.07,691.90,32.78,0.46,0.39,0.53,40.00,17.97,31.13,81.13,0.44,0.29,0.59,18.20,77.60,61.10,0.76,0.76,85.67,83.84
E07000089,Hart,0.56,0.57,0.63,0.47,0.61,88.58,51.89,50.75,57.80,41.77,0.48,0.43,0.53,29.70,2.15,53.32,0.67,0.40,0.95,55.31,617.50,47.05,0.48,0.28,0.67,27.27,17.99,39.74,92.53,0.28,0.18,0.39,12.30,65.50,50.20,0.86,0.86,86.12,86.19
E06000001,Hartlepool,0.37,0.41,0.40,0.64,0.18,83.20,59.68,54.89,47.22,23.74,0.52,0.31,0.73,28.80,1.98,72.45,0.47,0.39,0.56,61.08,556.30,32.61,0.26,0.18,0.33,27.78,12.94,11.13,71.67,0.30,0.28,0.33,17.40,63.50,45.10,0.23,0.23,81.08,74.94
E07000062,Hastings,0.37,0.32,0.19,0.43,0.34,78.31,50.71,48.89,51.96,28.97,0.35,0.31,0.39,28.80,1.98,40.76,0.41,0.31,0.51,57.75,517.10,30.93,0.44,0.30,0.57,25.00,19.73,32.60,85.52,0.42,0.48,0.35,27.80,64.80,46.20,0.30,0.30,81.79,75.91
E07000090,Havant,0.49,0.47,0.63,0.47,0.32,88.58,51.89,50.75,50.68,29.33,0.57,0.67,0.46,36.50,2.33,47.60,0.44,0.26,0.62,55.31,497.80,35.14,0.54,0.45,0.62,55.26,14.25,29.93,94.04,0.42,0.45,0.39,26.20,65.50,50.20,0.49,0.49,83.76,78.69
E09000016,Havering,0.49,0.40,0.52,0.25,0.42,86.15,43.00,44.49,54.90,30.80,0.47,0.43,0.51,29.70,2.15,51.89,0.59,0.39,0.80,55.98,605.60,41.52,0.47,0.41,0.54,36.36,20.17,38.38,77.82,0.38,0.30,0.46,18.50,72.40,50.30,0.60,0.60,83.46,82.67
E06000019,"Herefordshire, County of",0.46,0.50,0.64,0.49,0.38,88.82,57.84,44.62,52.15,31.68,0.48,0.43,0.53,29.70,2.15,53.47,0.36,0.22,0.50,49.04,524.80,30.58,0.50,0.32,0.68,28.30,19.42,39.96,93.48,0.38,0.35,0.40,21.00,67.20,50.10,0.52,0.52,83.75,79.52
E07000098,Hertsmere,0.58,0.61,0.64,0.68,0.52,88.94,60.85,56.65,56.41,36.46,0.57,0.65,0.49,36.90,2.30,49.55,0.61,0.45,0.77,62.38,592.20,40.44,0.51,0.34,0.68,33.33,18.08,55.84,82.01,0.50,0.43,0.56,25.30,76.00,59.50,0.67,0.67,84.02,83.88
E07000037,High Peak,0.45,0.47,0.40,0.52,0.49,83.13,54.43,51.50,55.83,34.83,0.46,0.27,0.65,35.00,1.76,65.00,0.49,0.28,0.71,52.16,548.00,38.18,0.53,0.40,0.67,41.86,17.31,39.12,92.84,0.27,0.17,0.37,11.70,65.10,48.80,0.51,0.51,82.63,80.95
S12000017,Highland,0.49,0.60,0.80,0.40,,92.68,43.61,55.81,,,0.56,0.36,0.75,37.70,1.83,74.57,0.50,0.50,,65.12,610.00,,0.41,0.31,0.50,37.84,14.97,36.02,74.50,0.49,0.27,0.72,17.10,89.41,62.48,0.37,0.37,81.86,
E09000017,Hillingdon,0.47,0.48,0.54,0.50,0.40,86.53,51.37,53.83,53.84,30.91,0.53,0.43,0.63,29.70,2.15,62.67,0.54,0.45,0.62,56.48,650.60,34.99,0.29,0.24,0.34,22.64,17.78,18.35,67.76,0.39,0.29,0.48,17.90,72.20,54.00,0.62,0.62,83.65,82.72
E07000132,Hinckley and Bosworth,0.46,0.56,0.67,0.56,0.46,89.59,55.73,53.30,55.65,32.51,0.45,0.43,0.47,29.70,2.15,48.01,0.53,0.24,0.81,53.27,506.80,42.16,0.34,0.32,0.36,38.24,15.19,10.45,75.13,0.31,0.20,0.43,13.10,68.10,51.90,0.56,0.56,83.62,81.15
E07000227,Horsham,0.55,0.49,0.33,0.63,0.51,81.54,57.73,56.63,55.10,38.21,0.47,0.36,0.59,37.70,1.83,59.00,0.67,0.53,0.80,60.58,675.10,41.73,0.44,0.29,0.60,29.17,17.35,40.53,83.29,0.48,0.55,0.41,31.30,67.00,51.00,0.72,0.72,85.14,83.60
E09000018,Hounslow,0.46,0.38,0.12,0.61,0.41,76.67,56.75,56.37,54.86,30.21,0.59,0.43,0.75,29.70,2.15,74.48,0.43,0.41,0.45,52.19,658.60,28.82,0.34,0.37,0.30,35.48,18.86,25.38,57.65,0.39,0.24,0.54,15.50,72.30,60.80,0.65,0.65,83.68,83.86
E07000011,Huntingdonshire,0.49,0.48,0.43,0.47,0.53,84.01,52.41,50.60,57.56,35.75,0.38,0.27,0.49,35.00,1.76,50.05,0.57,0.36,0.77,55.63,580.90,40.59,0.41,0.26,0.55,30.77,15.45,36.07,80.59,0.45,0.46,0.45,26.70,68.60,53.70,0.63,0.63,84.14,82.46
E07000120,Hyndburn,0.42,0.44,0.49,0.56,0.26,85.43,52.57,57.80,50.34,24.92,0.41,0.40,0.42,22.90,2.28,43.22,0.40,0.20,0.60,54.96,451.70,34.18,0.47,0.34,0.60,37.14,16.61,24.66,94.60,0.50,0.62,0.39,35.00,67.00,48.50,0.28,0.28,80.76,77.05
S12000018,Inverclyde,0.36,0.48,0.62,0.34,,88.45,47.73,45.45,,,0.20,0.10,0.30,20.10,1.90,32.21,0.46,0.46,,57.11,653.80,,0.46,0.31,0.61,31.82,17.26,45.21,81.51,0.51,0.33,0.69,19.90,90.48,58.10,0.03,0.03,78.59,
E07000202,Ipswich,0.43,0.57,0.68,0.65,0.39,89.95,59.00,56.40,55.74,26.72,0.27,0.27,0.28,35.00,1.76,30.34,0.37,0.20,0.55,51.52,485.30,32.26,0.44,0.29,0.58,29.17,17.53,36.78,83.96,0.45,0.57,0.33,32.60,63.40,45.60,0.49,0.49,83.04,79.68
W06000001,Isle of Anglesey,0.39,0.38,0.40,0.46,0.26,83.22,50.84,51.61,47.50,30.17,0.46,0.28,0.64,36.30,1.74,64.29,0.37,0.28,0.46,48.37,580.70,29.10,0.38,0.28,0.48,28.57,17.24,40.87,68.66,0.34,0.39,0.29,23.00,60.91,42.95,0.43,0.43,82.87,78.18
E06000046,Isle of Wight,0.40,0.30,0.55,0.16,0.20,86.70,46.77,31.55,45.69,28.21,0.66,0.67,0.65,36.50,2.33,64.91,0.37,0.27,0.47,57.29,489.70,29.37,0.40,0.22,0.58,20.51,17.72,31.58,87.41,0.28,0.33,0.23,20.30,56.10,41.70,0.37,0.37,83.40,75.44
E06000053,Isles of Scilly,0.50,0.48,0.48,0.42,0.53,85.13,49.34,49.95,59.33,32.51,1.00,1.00,,48.80,2.51,,0.18,0.31,0.05,53.06,,13.84,0.10,0.10,,18.75,12.68,,,0.45,,0.45,,71.40,50.00,0.79,0.79,,84.54
E09000019,Islington,0.51,0.59,0.66,0.44,0.68,89.39,49.64,51.12,59.52,44.38,0.48,0.43,0.52,29.70,2.15,52.97,0.42,0.72,0.11,65.99,786.80,16.24,0.60,0.52,0.67,47.06,21.28,42.70,91.16,0.42,0.41,0.42,24.30,68.00,51.00,0.54,0.54,83.20,81.11
E09000020,Kensington and Chelsea,0.46,0.28,0.21,0.12,0.51,78.63,36.69,41.72,52.21,42.90,0.33,0.43,0.22,29.70,2.15,24.79,0.36,0.67,0.05,61.02,794.00,13.88,0.36,0.63,0.10,52.00,24.22,3.50,48.92,0.50,0.40,0.59,23.90,79.30,59.20,0.90,0.90,87.86,84.83
E07000146,King's Lynn and West Norfolk,0.41,0.42,0.41,0.61,0.25,83.46,56.88,56.09,49.03,26.10,0.43,0.27,0.59,35.00,1.76,59.65,0.33,0.15,0.52,44.04,517.20,31.26,0.39,0.20,0.58,25.45,14.63,44.60,78.00,0.51,0.65,0.38,36.80,64.80,49.30,0.39,0.39,82.65,77.45
E06000010,"Kingston upon Hull, City of",0.32,0.32,0.36,0.39,0.22,82.19,46.93,51.16,51.35,19.58,0.39,0.35,0.42,38.50,1.79,43.20,0.33,0.18,0.47,51.16,474.00,29.54,0.34,0.45,0.23,50.88,16.12,17.12,54.66,0.33,0.41,0.25,24.00,58.20,41.30,0.22,0.22,80.04,76.36
E09000021,Kingston upon Thames,0.56,0.43,0.30,0.39,0.60,80.92,49.00,48.09,57.64,41.17,0.43,0.43,0.42,29.70,2.15,43.51,0.66,0.62,0.71,71.68,643.60,38.29,0.57,0.51,0.63,47.92,20.30,45.35,84.16,0.55,0.39,0.71,23.00,83.50,68.80,0.75,0.75,85.18,84.38
E08000034,Kirklees,0.47,0.59,0.75,0.72,0.30,91.42,59.15,62.05,49.97,28.87,0.49,0.35,0.63,38.50,1.79,62.91,0.49,0.30,0.67,56.27,525.30,36.97,0.49,0.42,0.56,40.58,18.81,34.25,83.35,0.33,0.25,0.42,15.80,68.10,51.00,0.43,0.43,82.20,79.27
E08000011,Knowsley,0.38,0.51,0.57,0.63,0.32,87.29,54.05,61.21,53.39,24.71,0.50,0.40,0.60,22.90,2.28,60.38,0.54,0.43,0.66,64.53,554.10,36.31,0.42,0.32,0.52,35.56,16.35,25.10,85.20,0.13,0.25,-0.00,16.10,45.20,25.00,0.20,0.20,79.75,76.12
E09000022,Lambeth,0.52,0.52,-0.00,0.76,0.80,73.76,59.68,65.07,65.60,44.21,0.48,0.43,0.53,29.70,2.15,53.68,0.45,0.63,0.26,62.23,748.40,21.86,0.58,0.60,0.56,47.62,24.67,36.43,81.94,0.38,0.34,0.41,20.80,68.20,49.30,0.69,0.69,83.89,84.52
E07000121,Lancaster,0.40,0.45,0.49,0.56,0.30,85.43,52.57,57.80,49.81,29.21,0.44,0.40,0.49,22.90,2.28,50.24,0.43,0.25,0.62,54.96,492.20,34.97,0.46,0.40,0.53,40.98,17.77,31.63,81.12,0.31,0.22,0.39,14.40,67.00,48.50,0.30,0.30,82.19,75.21
E08000035,Leeds,0.44,0.54,0.64,0.59,0.40,88.95,55.02,56.59,53.58,31.17,0.41,0.35,0.47,38.50,1.79,48.29,0.48,0.36,0.61,58.42,552.40,34.70,0.42,0.40,0.45,41.41,17.75,24.56,76.19,0.33,0.24,0.41,15.30,66.70,52.00,0.43,0.43,81.75,79.90
E06000016,Leicester,0.38,0.45,0.65,0.57,0.12,89.17,55.82,54.58,47.79,17.79,0.46,0.36,0.57,37.70,1.83,57.12,0.29,0.18,0.39,49.99,488.20,26.42,0.38,0.43,0.32,46.30,17.34,11.62,69.52,0.34,0.30,0.38,18.60,66.20,47.80,0.34,0.34,81.51,77.74
E07000063,Lewes,0.49,0.33,0.19,0.43,0.37,78.31,50.71,48.89,49.72,35.37,0.62,0.67,0.57,36.50,2.33,57.13,0.56,0.48,0.65,57.75,660.30,36.05,0.51,0.50,0.53,46.34,20.33,37.99,76.69,0.37,0.38,0.35,22.90,64.80,46.20,0.56,0.56,84.79,78.99
E09000023,Lewisham,0.53,0.51,0.30,0.55,0.67,80.93,55.22,53.46,61.89,39.90,0.46,0.43,0.48,29.70,2.15,49.31,0.55,0.65,0.45,68.77,695.70,28.85,0.64,0.74,0.53,53.70,29.13,32.48,81.02,0.40,0.41,0.39,24.10,66.20,49.30,0.61,0.61,83.16,83.46
E07000194,Lichfield,0.52,0.49,0.61,0.42,0.44,88.25,48.26,51.84,52.86,35.68,0.64,0.65,0.63,36.90,2.30,63.53,0.58,0.42,0.73,54.09,643.00,39.23,0.46,0.32,0.61,31.91,17.63,45.85,80.49,0.39,0.44,0.35,25.60,64.70,45.50,0.54,0.54,83.46,80.78
E07000138,Lincoln,0.38,0.37,0.45,0.44,0.23,84.34,48.43,53.30,50.59,21.74,0.58,0.36,0.80,37.70,1.83,78.59,0.33,0.23,0.43,48.88,540.30,28.15,0.46,0.30,0.61,36.36,15.14,28.46,93.56,0.36,0.34,0.38,20.40,65.00,50.30,0.18,0.18,80.87,73.79
N09000007,Lisburn and Castlereagh,0.56,0.56,0.53,0.59,0.55,86.20,57.20,54.10,57.25,37.72,0.48,0.27,0.69,26.40,1.99,68.31,0.85,0.81,0.88,83.60,691.40,44.75,0.34,0.20,0.49,27.50,13.66,45.94,66.03,0.61,0.22,0.99,14.50,95.40,91.20,0.52,0.52,83.28,80.34
E08000012,Liverpool,0.37,0.49,0.77,0.46,0.24,91.94,50.98,51.55,49.09,25.46,0.49,0.40,0.59,22.90,2.28,59.17,0.35,0.29,0.42,50.10,575.20,27.61,0.51,0.46,0.56,47.06,18.19,24.00,90.26,0.23,0.20,0.27,13.30,59.10,42.20,0.14,0.14,79.87,74.05
E09000001,"London, City of",0.59,0.92,,,0.92,,,,62.56,59.54,0.68,0.43,0.92,29.70,2.15,90.01,0.08,,0.08,,,15.10,0.29,0.01,0.56,,11.70,9.99,100.00,,,,,,,1.00,1.00,,87.88
E06000032,Luton,0.38,0.38,0.37,0.54,0.23,82.49,49.06,60.31,50.43,22.33,0.38,0.27,0.49,35.00,1.76,49.89,0.47,0.33,0.60,58.51,533.10,34.33,0.33,0.38,0.28,37.50,18.21,25.74,54.77,0.26,0.13,0.38,9.50,66.00,49.00,0.50,0.50,82.38,81.22
E07000110,Maidstone,0.48,0.49,0.55,0.46,0.47,86.68,51.56,50.35,56.03,33.07,0.57,0.67,0.47,36.50,2.33,48.43,0.59,0.39,0.80,61.93,544.70,41.48,0.34,0.29,0.39,30.91,16.65,27.88,67.16,0.32,0.22,0.43,14.20,68.20,51.90,0.59,0.59,83.30,82.57
E07000074,Maldon,0.47,0.48,0.53,0.55,0.36,86.26,55.65,52.82,51.54,31.52,0.48,0.27,0.70,35.00,1.76,69.71,0.48,0.19,0.77,48.11,,40.44,0.47,0.38,0.56,45.16,15.31,38.83,79.73,0.32,0.28,0.36,17.70,65.50,46.60,0.58,0.58,83.86,81.17
E07000235,Malvern Hills,0.45,0.37,,,0.37,,,,49.15,36.32,0.66,0.65,0.66,36.90,2.30,65.89,0.43,0.29,0.57,,556.80,33.10,0.44,0.38,0.50,38.71,17.89,37.17,73.82,0.32,0.25,0.39,16.10,66.10,49.10,0.51,0.51,83.74,79.24
E08000003,Manchester,0.39,0.50,0.80,0.45,0.26,92.65,49.98,51.86,49.59,26.01,0.42,0.40,0.44,22.90,2.28,45.66,0.35,0.37,0.32,62.22,527.80,23.99,0.46,0.48,0.44,50.00,17.79,32.74,69.20,0.35,0.35,0.35,21.00,65.20,45.60,0.26,0.26,79.86,77.82
E07000174,Mansfield,0.39,0.49,0.62,0.56,0.31,88.34,55.66,53.20,53.58,23.53,0.33,0.36,0.29,37.70,1.83,31.33,0.40,0.17,0.62,48.79,490.20,35.05,0.45,0.50,0.41,38.89,23.46,20.67,73.75,0.36,0.30,0.42,18.40,68.20,51.00,0.29,0.29,81.46,75.97
E06000035,Medway,0.47,0.50,0.57,0.52,0.39,87.25,52.60,54.21,54.97,28.42,0.61,0.67,0.54,36.50,2.33,54.89,0.53,0.29,0.77,56.79,512.70,40.56,0.38,0.33,0.43,28.81,19.74,26.69,72.52,0.35,0.36,0.34,21.50,62.60,47.60,0.48,0.48,82.36,80.54
E07000133,Melton,0.51,0.56,0.67,0.56,0.44,89.59,55.73,53.30,55.18,32.18,0.45,0.36,0.54,37.70,1.83,54.53,0.46,0.22,0.69,53.27,488.30,37.64,0.35,0.34,0.35,35.71,17.14,11.43,73.96,0.65,0.88,0.43,48.40,68.10,51.90,0.62,0.62,84.20,81.92
E07000187,Mendip,0.53,0.47,0.49,0.50,0.43,85.24,54.20,50.83,53.99,32.91,0.90,1.00,0.81,48.80,2.51,79.90,0.49,0.37,0.62,54.57,599.30,34.93,0.48,0.32,0.64,31.82,17.99,44.15,85.71,0.23,0.16,0.30,11.30,60.40,45.00,0.58,0.58,84.30,80.43
W06000024,Merthyr Tydfil,0.32,0.50,0.70,0.54,0.27,90.31,53.12,55.55,50.80,24.65,0.36,0.28,0.43,36.30,1.74,44.66,0.37,0.19,0.55,46.16,526.60,32.44,0.26,0.28,0.24,36.67,13.99,4.90,64.89,0.25,0.19,0.32,12.60,60.22,47.52,0.16,0.16,80.15,74.09
E09000024,Merton,0.55,0.54,0.32,0.64,0.65,81.29,62.30,51.50,60.23,40.65,0.46,0.43,0.48,29.70,2.15,48.98,0.60,0.60,0.60,68.74,654.60,34.18,0.49,0.45,0.52,42.11,19.88,23.74,86.12,0.48,0.38,0.58,22.70,77.40,59.80,0.74,0.74,84.13,85.78
N09000008,Mid and East Antrim,0.49,0.48,0.53,0.59,0.33,86.20,57.20,54.10,51.99,28.45,0.50,0.27,0.72,26.40,1.99,71.84,0.69,0.69,0.69,83.60,591.60,37.58,0.32,0.22,0.41,27.50,14.75,46.47,56.52,0.55,0.22,0.88,14.50,91.40,81.60,0.37,0.37,82.34,77.24
E07000042,Mid Devon,0.54,0.43,0.54,0.33,0.43,86.41,47.32,45.02,54.90,31.51,0.83,1.00,0.66,48.80,2.51,66.23,0.44,0.25,0.62,55.72,491.80,35.08,0.51,0.30,0.72,35.71,15.24,49.21,92.65,0.42,0.44,0.40,25.50,66.70,50.40,0.62,0.62,84.73,81.11
E07000203,Mid Suffolk,0.47,0.58,0.68,0.65,0.42,89.95,59.00,56.40,53.23,33.36,0.38,0.27,0.50,35.00,1.76,51.00,0.49,0.29,0.70,51.52,561.80,37.83,0.42,0.27,0.57,26.47,17.57,37.31,81.59,0.29,0.25,0.33,16.00,63.40,45.60,0.65,0.65,84.81,81.90
E07000228,Mid Sussex,0.58,0.51,0.33,0.63,0.58,81.54,57.73,56.63,57.58,39.72,0.71,0.67,0.76,36.50,2.33,74.97,0.69,0.51,0.87,60.58,662.40,44.37,0.39,0.16,0.62,27.08,12.01,56.80,74.24,0.44,0.47,0.41,27.30,67.00,51.00,0.73,0.73,84.81,84.51
N09000009,Mid Ulster,0.53,0.50,0.53,0.59,0.39,86.20,57.20,54.10,55.20,27.90,0.49,0.27,0.70,26.40,1.99,69.99,0.68,0.65,0.71,83.60,555.70,38.29,0.39,0.28,0.49,35.00,14.43,46.15,66.52,0.58,0.22,0.93,14.50,94.10,85.10,0.52,0.52,83.12,80.74
E06000002,Middlesbrough,0.36,0.41,0.54,0.53,0.14,86.64,56.63,49.90,46.33,21.80,0.55,0.31,0.80,28.80,1.98,78.59,0.39,0.24,0.54,56.49,475.00,31.95,0.34,0.32,0.35,39.13,14.77,25.43,63.73,0.25,0.26,0.24,16.60,59.30,38.90,0.23,0.23,79.82,76.91
S12000019,Midlothian,0.44,0.60,0.66,0.53,,89.43,45.07,65.43,,,0.39,0.10,0.67,20.10,1.90,67.06,0.42,0.42,,57.83,608.40,,0.50,0.39,0.61,38.89,18.05,43.51,82.23,0.43,0.29,0.58,18.10,86.32,48.06,0.30,0.30,81.17,
E06000042,Milton Keynes,0.54,0.58,0.61,0.58,0.54,88.28,56.41,54.60,59.13,33.48,0.64,0.67,0.61,36.50,2.33,61.07,0.61,0.45,0.77,62.78,588.80,40.40,0.41,0.44,0.39,42.11,19.10,24.16,69.04,0.36,0.35,0.38,21.20,65.60,48.60,0.62,0.62,83.19,83.49
E07000210,Mole Valley,0.61,0.59,0.59,0.64,0.54,87.75,60.04,54.87,54.06,41.70,0.70,0.67,0.73,36.50,2.33,72.64,0.59,0.39,0.79,56.29,598.00,41.37,0.62,0.48,0.75,48.72,18.64,57.29,90.59,0.36,0.19,0.53,12.70,74.70,57.30,0.78,0.78,85.84,84.44
W06000021,Monmouthshire,0.51,0.48,0.47,0.53,0.43,84.82,53.97,53.69,51.23,37.65,0.54,0.28,0.79,36.30,1.74,78.20,0.55,0.47,0.63,61.48,621.00,35.32,0.49,0.46,0.52,50.00,17.25,26.64,83.94,0.48,0.30,0.65,18.60,77.19,70.05,0.55,0.55,84.60,79.12
S12000020,Moray,0.35,0.47,0.47,0.46,,84.90,53.14,48.54,,,0.28,0.10,0.45,20.10,1.90,46.51,0.17,0.17,,50.54,467.70,,0.27,0.26,0.29,34.62,13.91,27.16,54.53,0.53,0.36,0.70,21.70,90.47,58.84,0.37,0.37,81.82,
S12000013,Na h-Eileanan Siar,0.46,0.62,0.63,0.61,,88.61,55.19,58.15,,,0.35,0.10,0.60,20.10,1.90,59.90,0.24,0.24,,49.01,543.00,,0.44,0.09,0.79,10.34,15.69,51.03,98.83,0.60,0.54,0.67,30.90,91.53,53.64,0.50,0.50,83.03,
W06000012,Neath Port Talbot,0.38,0.53,0.66,0.73,0.21,89.27,64.00,56.79,47.55,25.32,0.39,0.28,0.50,36.30,1.74,51.11,0.39,0.20,0.59,46.74,530.40,33.80,0.38,0.37,0.40,40.00,16.74,29.30,66.74,0.43,0.37,0.49,21.90,72.96,54.24,0.17,0.17,80.94,73.31
E07000091,New Forest,0.50,0.48,0.63,0.47,0.33,88.58,51.89,50.75,49.05,33.10,0.68,0.67,0.69,36.50,2.33,68.80,0.44,0.28,0.60,55.31,517.20,34.35,0.39,0.17,0.61,16.67,16.97,33.46,89.52,0.39,0.39,0.39,23.00,65.50,50.20,0.63,0.63,85.48,80.29
E07000175,Newark and Sherwood,0.43,0.51,0.62,0.56,0.36,88.34,55.66,53.20,52.17,30.11,0.51,0.36,0.66,37.70,1.83,65.71,0.42,0.17,0.68,48.79,489.40,37.13,0.38,0.41,0.36,38.46,19.21,39.03,54.69,0.32,0.22,0.42,14.60,68.20,51.00,0.42,0.42,82.72,78.17
E08000021,Newcastle upon Tyne,0.37,0.42,0.50,0.55,0.23,85.57,56.57,51.31,47.60,26.93,0.41,0.31,0.50,28.80,1.98,51.41,0.41,0.38,0.45,58.07,575.40,28.72,0.39,0.42,0.35,46.15,16.81,18.94,68.39,0.31,0.29,0.32,18.00,62.70,45.30,0.25,0.25,81.64,74.71
E07000195,Newcastle-under-Lyme,0.47,0.45,0.61,0.42,0.32,88.25,48.26,51.84,51.51,28.13,0.77,0.65,0.89,36.90,2.30,87.11,0.46,0.28,0.64,54.09,526.70,35.68,0.39,0.28,0.51,29.55,16.65,28.68,80.52,0.41,0.47,0.35,27.20,64.70,45.50,0.34,0.34,82.32,76.19
E09000025,Newham,0.42,0.36,0.28,0.51,0.30,80.40,54.49,50.59,52.03,25.09,0.48,0.43,0.53,29.70,2.15,54.10,0.36,0.48,0.23,58.25,661.30,20.63,0.43,0.46,0.41,42.42,20.05,11.83,80.83,0.29,0.00,0.57,3.00,77.30,59.00,0.58,0.58,83.11,82.41
W06000022,Newport,0.43,0.59,0.62,0.76,0.38,88.43,65.41,57.33,53.21,29.97,0.39,0.28,0.49,36.30,1.74,50.34,0.54,0.37,0.71,59.55,554.00,38.16,0.26,0.30,0.22,33.33,16.41,14.11,55.63,0.44,0.36,0.51,21.80,72.28,57.91,0.35,0.35,81.63,77.73
N09000010,"Newry, Mourne and Down",0.49,0.49,0.53,0.59,0.35,86.20,57.20,54.10,52.05,29.62,0.42,0.27,0.57,26.40,1.99,57.47,0.68,0.65,0.71,83.60,555.70,38.46,0.29,0.29,0.30,31.71,16.31,30.89,53.81,0.58,0.22,0.94,14.50,93.80,86.50,0.49,0.49,83.16,79.63
S12000021,North Ayrshire,0.37,0.40,0.49,0.31,,85.28,47.24,43.61,,,0.36,0.10,0.62,20.10,1.90,62.01,0.30,0.30,,45.24,633.10,,0.43,0.28,0.57,30.30,16.46,17.98,96.23,0.54,0.42,0.67,24.50,81.96,66.28,0.19,0.19,80.10,
E07000043,North Devon,0.45,0.39,0.54,0.33,0.32,86.41,47.32,45.02,51.11,28.76,0.60,1.00,0.20,48.80,2.51,22.95,0.41,0.28,0.55,55.72,514.50,32.33,0.34,0.30,0.38,33.33,16.25,21.40,70.10,0.43,0.45,0.40,26.20,66.70,50.40,0.52,0.52,83.90,79.36
E07000038,North East Derbyshire,0.45,0.42,0.40,0.52,0.34,83.13,54.43,51.50,51.08,30.29,0.53,0.36,0.70,37.70,1.83,69.83,0.46,0.26,0.65,52.16,531.60,36.18,0.44,0.29,0.58,35.85,14.76,29.43,89.00,0.47,0.57,0.37,32.50,65.10,48.80,0.38,0.38,82.48,77.27
E06000012,North East Lincolnshire,0.39,0.47,0.70,0.50,0.21,90.37,55.64,48.70,49.82,22.10,0.50,0.35,0.65,38.50,1.79,65.25,0.36,0.12,0.59,46.25,470.50,34.08,0.38,0.30,0.46,30.95,17.24,21.85,80.19,0.30,0.37,0.22,22.30,58.60,36.50,0.35,0.35,82.17,76.75
E07000099,North Hertfordshire,0.56,0.64,0.64,0.68,0.60,88.94,60.85,56.65,57.94,40.43,0.44,0.27,0.61,35.00,1.76,61.33,0.65,0.57,0.72,62.38,693.60,38.75,0.42,0.26,0.59,26.53,16.94,29.62,89.52,0.58,0.60,0.56,33.80,76.00,59.50,0.66,0.66,84.21,83.20
E07000139,North Kesteven,0.42,0.44,0.45,0.44,0.42,84.34,48.43,53.30,53.87,32.10,0.48,0.36,0.60,37.70,1.83,60.62,0.48,0.19,0.76,48.88,506.90,40.06,0.36,0.25,0.48,30.23,15.00,29.07,76.65,0.27,0.15,0.38,10.60,65.00,50.30,0.51,0.51,83.24,80.04
S12000050,North Lanarkshire,0.35,0.53,0.70,0.35,,90.37,43.23,52.60,,,0.36,0.10,0.61,20.10,1.90,61.18,0.28,0.28,,47.75,590.10,,0.44,0.33,0.55,36.36,16.58,34.42,81.69,0.42,0.18,0.67,12.10,90.15,55.09,0.10,0.10,79.21,
E06000013,North Lincolnshire,0.40,0.47,0.86,0.28,0.26,94.13,40.66,49.59,50.42,25.18,0.49,0.35,0.63,38.50,1.79,62.78,0.41,0.19,0.62,51.76,477.70,35.05,0.36,0.32,0.39,34.88,16.36,24.52,69.72,0.31,0.32,0.31,19.50,62.80,43.30,0.40,0.40,82.70,77.38
E07000147,North Norfolk,0.41,0.39,0.41,0.61,0.14,83.46,56.88,56.09,42.86,27.95,0.47,0.27,0.67,35.00,1.76,67.07,0.30,0.24,0.36,44.04,594.80,25.28,0.45,0.22,0.68,27.50,14.67,50.22,86.51,0.38,0.38,0.38,22.60,64.80,49.30,0.45,0.45,84.77,75.66
E06000061,North Northamptonshire,0.44,0.51,0.70,0.39,0.45,90.25,48.49,48.62,57.75,28.70,0.47,0.36,0.58,37.70,1.83,58.05,0.55,0.35,0.75,60.77,524.10,39.67,0.39,0.26,0.52,23.08,18.36,43.32,71.85,0.26,0.19,0.32,12.80,63.50,44.30,0.48,0.48,82.44,80.46
E06000024,North Somerset,0.56,0.54,0.58,0.60,0.44,87.41,53.85,59.65,53.63,34.23,0.78,1.00,0.57,48.80,2.51,57.21,0.59,0.42,0.76,61.78,571.10,40.29,0.47,0.33,0.60,30.00,19.29,42.27,82.50,0.41,0.42,0.40,24.80,67.30,50.00,0.58,0.58,84.59,80.13
E08000022,North Tyneside,0.46,0.42,0.27,0.55,0.43,80.08,52.95,56.58,54.08,32.99,0.44,0.31,0.57,28.80,1.98,57.40,0.60,0.48,0.71,66.57,577.50,38.45,0.50,0.44,0.56,46.67,17.47,27.20,88.54,0.40,0.37,0.43,22.00,67.90,53.10,0.39,0.39,82.16,78.02
E07000218,North Warwickshire,0.46,0.49,0.54,0.52,0.42,86.50,57.59,47.88,55.24,29.67,0.57,0.65,0.49,36.90,2.30,50.47,0.52,0.31,0.73,48.73,607.10,38.95,0.34,0.35,0.33,37.14,16.93,0.00,78.99,0.45,0.43,0.47,25.00,70.90,53.80,0.41,0.41,81.95,79.11
E07000134,North West Leicestershire,0.47,0.56,0.67,0.56,0.45,89.59,55.73,53.30,55.90,31.64,0.52,0.36,0.68,37.70,1.83,68.10,0.59,0.39,0.80,53.27,627.80,41.62,0.33,0.21,0.46,26.32,14.88,24.33,77.31,0.28,0.13,0.43,9.50,68.10,51.90,0.55,0.55,83.45,81.15
E06000057,Northumberland,0.41,0.41,0.41,0.49,0.32,83.46,53.24,51.07,49.67,31.39,0.41,0.31,0.51,28.80,1.98,51.68,0.46,0.37,0.56,63.93,512.30,32.69,0.43,0.34,0.52,35.82,17.00,35.97,76.89,0.32,0.27,0.37,17.10,64.80,48.20,0.40,0.40,82.86,77.37
E07000148,Norwich,0.37,0.44,0.41,0.61,0.31,83.46,56.88,56.09,51.36,27.83,0.37,0.27,0.48,35.00,1.76,49.19,0.24,0.20,0.28,44.04,556.30,22.64,0.40,0.38,0.41,43.59,15.77,20.25,75.11,0.39,0.40,0.38,23.60,64.80,49.30,0.35,0.35,82.76,75.90
E06000018,Nottingham,0.32,0.35,0.41,0.53,0.12,83.55,54.79,51.85,45.88,20.84,0.40,0.36,0.44,37.70,1.83,45.48,0.32,0.25,0.38,54.56,501.20,26.13,0.41,0.49,0.33,50.91,18.15,25.27,60.90,0.23,0.23,0.24,15.00,57.60,40.40,0.20,0.20,81.02,74.00
E07000219,Nuneaton and Bedworth,0.41,0.47,0.54,0.52,0.36,86.50,57.59,47.88,54.45,26.45,0.58,0.65,0.50,36.90,2.30,50.96,0.47,0.20,0.74,48.73,517.50,39.58,0.26,0.22,0.29,23.53,16.60,25.63,55.97,0.33,0.18,0.47,12.40,70.90,53.80,0.38,0.38,81.67,78.48
E07000135,Oadby and Wigston,0.49,0.52,0.67,0.56,0.33,89.59,55.73,53.30,51.18,29.51,0.41,0.36,0.45,37.70,1.83,46.66,0.53,0.31,0.75,53.27,558.70,39.62,0.56,0.43,0.69,26.92,25.20,32.21,100.00,0.43,0.44,0.43,25.70,68.10,51.90,0.52,0.52,84.55,78.38
E08000004,Oldham,0.38,0.45,0.71,0.45,0.19,90.46,50.94,50.62,47.54,23.95,0.39,0.40,0.39,22.90,2.28,40.67,0.51,0.44,0.59,67.97,527.80,33.95,0.38,0.39,0.38,35.00,19.82,25.40,67.00,0.24,0.17,0.32,11.90,63.50,43.20,0.32,0.32,80.53,78.60
S12000023,Orkney Islands,0.52,0.62,0.63,0.61,,88.61,55.19,58.15,,,0.47,0.10,0.83,20.10,1.90,81.79,0.24,0.24,,49.01,544.10,,0.44,0.36,0.53,38.10,17.02,58.13,62.71,0.81,1.00,0.62,54.70,94.78,42.72,0.54,0.54,83.49,
E07000178,Oxford,0.45,0.50,0.57,0.54,0.39,87.26,53.90,54.37,51.09,34.93,0.55,0.67,0.43,36.50,2.33,44.47,0.41,0.49,0.33,61.40,637.70,24.35,0.54,0.54,0.54,56.25,18.11,26.73,86.03,0.30,0.15,0.45,10.70,68.80,54.50,0.39,0.39,84.50,74.24
W06000009,Pembrokeshire,0.38,0.32,0.46,0.27,0.23,84.67,50.14,36.84,47.34,27.62,0.38,0.28,0.49,36.30,1.74,49.66,0.37,0.32,0.43,56.95,536.90,27.83,0.35,0.22,0.48,20.00,17.88,41.83,67.87,0.46,0.41,0.52,24.10,73.71,56.45,0.40,0.40,83.11,76.84
E07000122,Pendle,0.38,0.41,0.49,0.56,0.18,85.43,52.57,57.80,46.96,24.16,0.46,0.40,0.52,22.90,2.28,53.09,0.37,0.17,0.57,54.96,433.40,33.30,0.32,0.18,0.46,18.18,16.97,17.47,82.62,0.29,0.20,0.39,13.20,67.00,48.50,0.40,0.40,81.51,79.39
S12000048,Perth and Kinross,0.45,0.53,0.38,0.67,,82.79,55.20,63.39,,,0.36,0.10,0.62,20.10,1.90,61.90,0.44,0.44,,63.39,577.00,,0.36,0.14,0.57,15.00,16.05,43.78,78.12,0.53,0.34,0.72,20.80,88.93,63.88,0.48,0.48,82.88,
E06000031,Peterborough,0.43,0.42,0.50,0.38,0.37,85.60,50.03,45.50,55.52,25.64,0.42,0.27,0.58,35.00,1.76,58.37,0.47,0.32,0.62,57.22,532.60,34.91,0.40,0.26,0.54,28.33,16.55,38.56,77.35,0.38,0.46,0.31,26.70,64.20,41.40,0.48,0.48,82.47,80.30
E06000026,Plymouth,0.46,0.51,0.66,0.57,0.29,89.45,53.79,56.75,51.34,25.60,0.74,1.00,0.48,48.80,2.51,49.52,0.45,0.30,0.60,57.88,511.20,34.08,0.41,0.40,0.43,43.86,16.66,23.23,74.98,0.30,0.23,0.36,15.00,64.20,48.00,0.35,0.35,82.51,76.30
E06000044,Portsmouth,0.40,0.39,0.29,0.51,0.37,80.66,53.83,51.88,53.93,27.82,0.57,0.67,0.47,36.50,2.33,48.14,0.42,0.31,0.52,54.16,554.40,31.32,0.32,0.25,0.40,23.81,17.65,28.53,66.99,0.29,0.40,0.18,23.70,54.90,36.00,0.42,0.42,82.38,78.78
W06000023,Powys,0.41,0.38,0.35,0.44,0.34,81.93,54.09,45.87,50.55,31.00,0.48,0.28,0.67,36.30,1.74,67.11,0.28,0.17,0.39,47.83,500.10,26.36,0.43,0.28,0.58,30.88,16.24,35.27,85.11,0.47,0.33,0.61,20.20,79.80,61.56,0.44,0.44,83.38,77.77
E07000123,Preston,0.36,0.46,0.49,0.56,0.32,85.43,52.57,57.80,52.37,26.51,0.46,0.40,0.53,22.90,2.28,53.86,0.43,0.26,0.59,54.96,505.80,34.00,0.19,0.25,0.12,31.25,14.79,2.00,52.13,0.31,0.23,0.39,14.90,67.00,48.50,0.28,0.28,80.47,77.56
E06000038,Reading,0.50,0.54,0.40,0.69,0.53,83.21,63.84,53.34,58.45,33.56,0.73,0.67,0.79,36.50,2.33,77.99,0.48,0.42,0.54,57.93,610.60,32.17,0.43,0.39,0.46,41.67,17.21,20.98,80.83,0.32,0.16,0.47,11.40,68.20,57.40,0.52,0.52,82.29,81.93
E09000026,Redbridge,0.52,0.62,0.75,0.76,0.36,91.38,59.19,66.03,51.80,31.14,0.47,0.43,0.51,29.70,2.15,51.88,0.48,0.32,0.64,47.44,628.60,35.61,0.34,0.37,0.32,36.51,18.30,14.86,67.22,0.48,0.29,0.67,18.10,80.60,68.10,0.70,0.70,84.60,83.71
E06000003,Redcar and Cleveland,0.39,0.35,0.46,0.42,0.18,84.70,47.63,52.17,46.71,24.71,0.51,0.31,0.71,28.80,1.98,70.66,0.47,0.36,0.59,59.59,541.90,33.82,0.34,0.29,0.39,35.59,14.99,18.40,73.30,0.37,0.32,0.42,19.40,71.20,47.40,0.27,0.27,81.51,75.38
E07000236,Redditch,0.44,0.43,,,0.43,,,,57.00,28.23,0.55,0.65,0.44,36.90,2.30,45.70,0.48,0.21,0.76,,520.40,40.13,0.31,0.41,0.21,37.93,19.60,20.86,49.90,0.40,0.40,0.39,23.90,66.10,49.10,0.48,0.48,82.42,80.41
E07000211,Reigate and Banstead,0.60,0.62,0.59,0.64,0.62,87.75,60.04,54.87,58.54,40.84,0.64,0.67,0.61,36.50,2.33,60.91,0.69,0.48,0.90,56.29,677.90,45.41,0.50,0.31,0.69,28.89,18.38,44.36,91.84,0.41,0.28,0.53,17.70,74.70,57.30,0.72,0.72,84.37,84.77
S12000038,Renfrewshire,0.38,0.54,0.51,0.57,,85.83,51.45,59.74,,,0.33,0.10,0.55,20.10,1.90,55.54,0.36,0.36,,56.56,574.90,,0.36,0.36,0.36,37.21,17.40,15.60,71.37,0.50,0.31,0.70,18.80,89.47,59.94,0.22,0.22,80.40,
W06000016,Rhondda Cynon Taff,0.39,0.48,0.51,0.67,0.27,85.76,59.27,58.03,50.04,26.10,0.41,0.28,0.53,36.30,1.74,53.61,0.48,0.32,0.64,53.41,572.00,35.76,0.43,0.45,0.41,49.33,16.74,27.19,69.28,0.35,0.28,0.41,17.40,65.89,52.84,0.19,0.19,80.52,74.58
E07000124,Ribble Valley,0.49,0.53,0.49,0.56,0.54,85.43,52.57,57.80,55.14,40.21,0.48,0.40,0.57,22.90,2.28,57.16,0.54,0.29,0.78,54.96,532.90,40.78,0.39,0.28,0.51,27.50,17.71,26.82,81.78,0.36,0.33,0.39,20.00,67.00,48.50,0.64,0.64,83.79,83.25
E09000027,Richmond upon Thames,0.56,0.42,0.22,0.32,0.73,79.03,46.80,44.68,58.26,50.95,0.36,0.43,0.28,29.70,2.15,30.53,0.66,0.60,0.72,63.82,707.70,38.55,0.47,0.46,0.49,38.89,21.50,19.88,84.90,0.51,0.30,0.72,18.40,84.20,69.30,0.91,0.91,86.40,87.46
E07000166,Richmondshire,0.44,0.55,0.66,0.58,0.43,89.27,58.95,50.80,53.84,32.86,0.40,0.35,0.45,38.50,1.79,45.96,0.36,0.26,0.45,54.88,509.10,28.83,0.34,0.14,0.54,26.67,11.36,33.41,80.95,0.41,0.37,0.44,22.30,68.80,52.50,0.56,0.56,83.28,81.54
E08000005,Rochdale,0.37,0.45,0.76,0.35,0.25,91.64,47.79,46.20,49.63,25.41,0.41,0.40,0.42,22.90,2.28,43.29,0.44,0.24,0.64,50.75,526.10,35.79,0.38,0.40,0.36,40.00,18.46,19.20,68.67,0.19,0.16,0.22,11.30,56.00,40.40,0.35,0.35,80.90,78.84
E07000075,Rochford,0.49,0.49,0.53,0.55,0.38,86.26,55.65,52.82,52.73,31.36,0.47,0.27,0.68,35.00,1.76,67.93,0.64,0.39,0.90,48.11,674.50,45.43,0.35,0.34,0.36,38.46,16.12,29.16,62.53,0.33,0.30,0.36,18.40,65.50,46.60,0.63,0.63,84.18,82.47
E07000125,Rossendale,0.50,0.50,0.49,0.56,0.43,85.43,52.57,57.80,54.53,32.30,0.44,0.40,0.49,22.90,2.28,49.62,0.53,0.30,0.76,54.96,539.10,40.20,0.75,0.83,0.68,61.11,29.99,48.12,87.51,0.43,0.47,0.39,27.10,67.00,48.50,0.37,0.37,81.15,79.23
E07000064,Rother,0.45,0.27,0.19,0.43,0.20,78.31,50.71,48.89,43.49,31.91,0.58,0.67,0.49,36.50,2.33,49.67,0.44,0.38,0.50,57.75,580.70,30.57,0.43,0.37,0.50,36.84,17.99,32.49,77.14,0.54,0.72,0.35,40.40,64.80,46.20,0.45,0.45,84.30,76.46
E08000018,Rotherham,0.42,0.52,0.77,0.52,0.27,92.00,53.87,52.66,50.49,25.56,0.51,0.35,0.67,38.50,1.79,66.49,0.45,0.24,0.65,53.95,500.30,36.20,0.38,0.36,0.40,42.37,15.52,17.35,75.04,0.35,0.42,0.29,24.70,59.60,44.70,0.30,0.30,81.00,77.05
E07000220,Rugby,0.46,0.53,0.54,0.52,0.54,86.50,57.59,47.88,59.00,33.51,0.41,0.65,0.17,36.90,2.30,20.05,0.58,0.36,0.79,48.73,649.60,41.44,0.27,0.39,0.15,42.86,16.81,26.28,38.82,0.39,0.31,0.47,19.00,70.90,53.80,0.58,0.58,83.61,81.80
E07000212,Runnymede,0.62,0.57,0.59,0.64,0.46,87.75,60.04,54.87,54.46,35.03,0.75,0.67,0.84,36.50,2.33,82.55,0.60,0.45,0.76,56.29,650.80,40.01,0.51,0.34,0.68,34.15,17.60,30.43,100.00,0.70,0.87,0.53,48.00,74.70,57.30,0.61,0.61,84.39,81.21
E07000176,Rushcliffe,0.54,0.58,0.62,0.56,0.58,88.34,55.66,53.20,55.13,43.61,0.48,0.36,0.59,37.70,1.83,59.65,0.64,0.43,0.85,48.79,708.40,43.41,0.43,0.34,0.52,34.09,17.70,33.63,78.41,0.43,0.44,0.42,25.60,68.20,51.00,0.70,0.70,84.92,83.30
E07000092,Rushmoor,0.44,0.55,0.63,0.47,0.55,88.58,51.89,50.75,61.32,30.36,0.37,0.67,0.07,36.50,2.33,10.61,0.57,0.36,0.78,55.31,586.20,40.97,0.22,0.33,0.10,38.46,15.79,11.09,42.96,0.32,0.26,0.39,16.50,65.50,50.20,0.62,0.62,83.56,83.05
E06000017,Rutland,0.48,0.52,0.59,0.53,0.44,87.67,61.04,44.31,51.76,37.20,0.42,0.36,0.48,37.70,1.83,48.64,0.43,0.25,0.61,51.47,525.70,34.60,0.41,0.37,0.45,37.04,18.16,0.00,94.49,0.50,0.47,0.54,27.30,73.70,59.50,0.62,0.62,84.99,80.73
E07000167,Ryedale,0.47,0.53,0.66,0.58,0.36,89.27,58.95,50.80,51.59,31.25,0.48,0.35,0.61,38.50,1.79,61.51,0.34,0.21,0.46,54.88,466.20,29.00,0.44,0.24,0.64,26.67,16.00,48.08,83.44,0.38,0.33,0.44,20.10,68.80,52.50,0.64,0.64,85.63,80.16
E08000006,Salford,0.39,0.44,0.48,0.42,0.44,85.14,47.32,52.48,56.28,29.68,0.35,0.40,0.29,22.90,2.28,31.68,0.44,0.40,0.48,59.69,574.90,29.85,0.50,0.40,0.60,38.33,18.96,24.24,94.51,0.25,0.26,0.24,16.60,57.50,41.40,0.35,0.35,80.50,79.64
E08000028,Sandwell,0.41,0.53,1.00,0.44,0.16,97.40,51.58,48.69,48.20,20.14,0.63,0.65,0.62,36.90,2.30,61.75,0.34,0.14,0.53,42.87,520.60,31.68,0.42,0.39,0.45,40.28,17.82,20.14,79.43,0.24,0.21,0.27,13.70,61.90,39.50,0.29,0.29,80.73,77.33
E07000168,Scarborough,0.40,0.49,0.66,0.58,0.22,89.27,58.95,50.80,47.26,26.98,0.37,0.35,0.38,38.50,1.79,39.42,0.34,0.24,0.44,54.88,488.80,28.53,0.31,0.22,0.40,26.67,14.95,20.76,73.17,0.54,0.65,0.44,36.50,68.80,52.50,0.35,0.35,82.69,75.98
S12000026,Scottish Borders,0.48,0.53,0.56,0.51,,86.88,54.07,51.61,,,0.40,0.10,0.69,20.10,1.90,69.17,0.51,0.51,,71.51,552.90,,0.49,0.41,0.56,44.12,17.23,38.74,79.66,0.58,0.43,0.74,25.00,90.13,65.24,0.40,0.40,82.10,
E07000188,Sedgemoor,0.49,0.44,0.49,0.50,0.32,85.24,54.20,50.83,52.30,27.08,0.77,1.00,0.55,48.80,2.51,55.47,0.41,0.19,0.63,54.57,452.40,35.51,0.51,0.44,0.58,31.82,23.65,48.67,75.42,0.29,0.27,0.30,17.10,60.40,45.00,0.50,0.50,83.70,78.99
E08000014,Sefton,0.41,0.41,0.51,0.38,0.33,85.76,45.33,52.19,50.61,30.78,0.45,0.40,0.50,22.90,2.28,51.04,0.52,0.37,0.66,59.90,547.90,36.56,0.49,0.46,0.52,45.45,18.91,35.45,76.87,0.24,0.21,0.27,13.60,60.00,41.30,0.37,0.37,82.37,77.17
E07000169,Selby,0.53,0.59,0.66,0.58,0.52,89.27,58.95,50.80,57.66,34.45,0.44,0.35,0.52,38.50,1.79,52.80,0.58,0.31,0.84,54.88,549.30,43.22,0.45,0.27,0.64,26.67,17.52,31.38,94.57,0.50,0.56,0.44,32.00,68.80,52.50,0.61,0.61,83.89,82.25
E07000111,Sevenoaks,0.55,0.49,0.55,0.46,0.47,86.68,51.56,50.35,52.99,38.14,0.65,0.67,0.64,36.50,2.33,63.81,0.61,0.42,0.80,61.93,574.90,41.73,0.57,0.45,0.69,50.00,16.38,44.87,91.51,0.33,0.24,0.43,15.20,68.20,51.90,0.67,0.67,84.17,83.61
E08000019,Sheffield,0.42,0.52,0.72,0.53,0.30,90.67,51.55,56.73,49.83,28.96,0.44,0.35,0.52,38.50,1.79,53.19,0.42,0.28,0.56,53.92,529.90,32.73,0.40,0.39,0.41,39.29,18.15,23.27,72.86,0.43,0.50,0.35,28.60,64.20,47.40,0.35,0.35,82.37,76.44
S12000027,Shetland Islands,0.46,0.62,0.63,0.61,,88.61,55.19,58.15,,,0.26,0.10,0.42,20.10,1.90,43.73,0.21,0.21,,49.01,,,0.45,0.12,0.77,21.74,12.43,65.70,86.62,0.73,0.59,0.88,33.30,96.33,75.00,0.51,0.51,83.21,
E06000051,Shropshire,0.47,0.39,0.52,0.28,0.38,86.01,47.99,40.43,51.70,32.48,0.61,0.65,0.56,36.90,2.30,56.32,0.45,0.35,0.55,57.32,555.50,32.32,0.42,0.23,0.61,25.68,16.00,44.72,81.54,0.41,0.46,0.35,26.60,66.80,43.90,0.52,0.52,83.70,79.69
E06000039,Slough,0.47,0.32,0.20,0.37,0.38,78.60,43.36,53.79,56.06,25.73,0.58,0.67,0.50,36.50,2.33,50.50,0.44,0.31,0.57,49.11,601.10,33.30,0.39,0.26,0.52,26.19,17.09,26.70,82.94,0.48,0.39,0.57,23.20,77.30,58.50,0.60,0.60,82.50,84.18
E08000029,Solihull,0.55,0.61,0.57,0.84,0.42,87.15,66.82,62.18,51.92,35.67,0.64,0.65,0.64,36.90,2.30,63.71,0.61,0.44,0.78,60.38,602.30,40.82,0.46,0.31,0.60,33.33,16.65,38.26,85.69,0.39,0.34,0.44,20.70,70.50,50.50,0.59,0.59,83.97,81.26
E07000246,Somerset West and Taunton,0.51,0.46,0.49,0.50,0.39,85.24,54.20,50.83,52.24,32.26,0.83,1.00,0.66,48.80,2.51,65.83,0.43,0.30,0.55,54.57,540.30,32.51,0.40,0.27,0.52,31.82,15.28,40.26,74.51,0.44,0.58,0.30,33.00,60.40,45.00,0.51,0.51,83.88,79.13
S12000028,South Ayrshire,0.38,0.47,0.71,0.24,,90.44,46.60,38.64,,,0.28,0.10,0.46,20.10,1.90,47.24,0.35,0.35,,52.77,597.70,,0.33,0.12,0.55,10.71,16.82,38.30,78.97,0.53,0.37,0.69,21.90,88.47,60.74,0.30,0.30,81.14,
E07000012,South Cambridgeshire,0.52,0.52,0.43,0.47,0.66,84.01,52.41,50.60,58.72,44.52,0.32,0.27,0.37,35.00,1.76,39.12,0.61,0.43,0.80,55.63,640.00,41.47,0.47,0.36,0.57,42.22,15.67,44.84,77.12,0.38,0.32,0.45,19.40,68.60,53.70,0.79,0.79,85.92,84.57
E07000039,South Derbyshire,0.51,0.47,0.40,0.52,0.51,83.13,54.43,51.50,57.81,32.94,0.54,0.36,0.72,37.70,1.83,71.84,0.63,0.35,0.90,52.16,610.70,45.34,0.45,0.35,0.55,33.33,18.57,26.82,86.63,0.43,0.49,0.37,28.20,65.10,48.80,0.53,0.53,83.17,80.95
E06000025,South Gloucestershire,0.58,0.53,0.55,0.49,0.54,86.78,54.03,49.65,58.72,34.12,0.84,1.00,0.69,48.80,2.51,68.28,0.67,0.50,0.84,69.67,564.40,43.04,0.45,0.33,0.56,39.34,15.09,33.65,83.88,0.34,0.31,0.37,19.10,66.30,46.10,0.63,0.63,84.43,81.94
E07000044,South Hams,0.53,0.42,0.54,0.33,0.40,86.41,47.32,45.02,50.03,36.94,0.87,1.00,0.73,48.80,2.51,72.76,0.44,0.32,0.57,55.72,544.80,33.04,0.57,0.35,0.80,38.71,16.26,86.35,75.67,0.23,0.07,0.40,6.40,66.70,50.40,0.67,0.67,85.46,81.50
E07000140,South Holland,0.43,0.39,0.45,0.44,0.29,84.34,48.43,53.30,52.51,24.04,0.48,0.36,0.60,37.70,1.83,60.22,0.41,0.20,0.62,48.88,515.10,34.92,0.30,0.24,0.35,32.43,13.95,22.79,65.21,0.54,0.70,0.38,39.10,65.00,50.30,0.45,0.45,83.39,77.88
E07000141,South Kesteven,0.44,0.43,0.45,0.44,0.41,84.34,48.43,53.30,53.48,31.81,0.41,0.36,0.45,37.70,1.83,46.44,0.43,0.17,0.69,48.88,484.70,37.40,0.46,0.42,0.49,41.07,18.81,38.16,71.87,0.32,0.26,0.38,16.20,65.00,50.30,0.57,0.57,84.15,80.54
E07000031,South Lakeland,0.46,0.47,0.60,0.40,0.42,87.99,51.59,45.53,52.31,35.19,0.51,0.40,0.62,22.90,2.28,62.41,0.38,0.24,0.52,49.52,539.90,31.43,0.44,0.37,0.51,40.00,16.83,20.00,87.11,0.36,0.34,0.38,20.70,66.60,48.20,0.61,0.61,84.79,80.70
S12000029,South Lanarkshire,0.42,0.43,0.67,0.20,,89.50,39.19,45.37,,,0.35,0.10,0.60,20.10,1.90,60.06,0.44,0.44,,57.44,630.60,,0.48,0.37,0.60,39.06,17.28,35.63,86.59,0.56,0.34,0.77,20.80,92.09,66.01,0.23,0.23,80.48,
E07000149,South Norfolk,0.48,0.49,0.41,0.61,0.45,83.46,56.88,56.09,53.94,34.57,0.50,0.27,0.74,35.00,1.76,73.07,0.45,0.16,0.73,44.04,526.00,39.11,0.40,0.21,0.59,23.91,16.06,28.62,90.25,0.39,0.40,0.38,23.90,64.80,49.30,0.62,0.62,84.76,81.14
E07000179,South Oxfordshire,0.59,0.58,0.57,0.54,0.63,87.26,53.90,54.37,58.46,42.43,0.54,0.67,0.41,36.50,2.33,42.89,0.72,0.67,0.77,61.40,787.70,40.53,0.49,0.42,0.56,38.89,19.48,57.69,66.54,0.42,0.39,0.45,23.30,68.80,54.50,0.79,0.79,85.51,85.29
E07000126,South Ribble,0.47,0.52,0.49,0.56,0.50,85.43,52.57,57.80,56.50,34.30,0.48,0.40,0.55,22.90,2.28,55.94,0.59,0.34,0.85,54.96,567.90,43.47,0.35,0.32,0.39,34.00,16.86,27.39,67.10,0.30,0.21,0.39,13.70,67.00,48.50,0.55,0.55,83.70,80.74
E07000189,South Somerset,0.50,0.45,0.49,0.50,0.35,85.24,54.20,50.83,51.94,29.73,0.71,1.00,0.42,48.80,2.51,43.71,0.42,0.28,0.56,54.57,523.50,32.92,0.56,0.60,0.53,68.18,16.00,26.27,84.61,0.29,0.29,0.30,18.00,60.40,45.00,0.59,0.59,84.85,79.90
E07000196,South Staffordshire,0.50,0.47,0.61,0.42,0.39,88.25,48.26,51.84,51.53,33.41,0.61,0.65,0.56,36.90,2.30,56.76,0.52,0.34,0.70,54.09,579.40,38.06,0.45,0.34,0.56,33.33,18.23,25.50,89.35,0.42,0.49,0.35,28.10,64.70,45.50,0.55,0.55,84.13,79.91
E08000023,South Tyneside,0.36,0.39,0.52,0.40,0.23,86.13,48.13,50.38,48.67,25.33,0.40,0.31,0.49,28.80,1.98,49.80,0.40,0.25,0.55,54.50,501.70,32.42,0.45,0.44,0.45,50.00,16.16,22.52,78.38,0.29,0.26,0.31,16.30,62.50,44.30,0.26,0.26,81.21,75.50
E06000045,Southampton,0.50,0.51,0.52,0.64,0.37,86.03,55.22,60.91,54.42,26.96,0.66,0.67,0.64,36.50,2.33,64.31,0.46,0.44,0.49,63.66,571.20,30.07,0.56,0.42,0.69,45.10,17.30,48.88,89.20,0.40,0.51,0.30,29.40,61.00,44.10,0.41,0.41,82.46,78.36
E06000033,Southend-on-Sea,0.44,0.48,0.51,0.54,0.38,85.90,57.73,49.55,52.63,31.15,0.39,0.27,0.51,35.00,1.76,51.91,0.55,0.45,0.64,60.27,616.60,35.90,0.32,0.29,0.35,27.45,18.24,29.31,60.42,0.46,0.34,0.57,20.70,75.30,62.00,0.47,0.47,82.71,79.56
E09000028,Southwark,0.52,0.50,0.27,0.56,0.68,80.07,50.47,60.82,61.87,40.82,0.45,0.43,0.47,29.70,2.15,47.74,0.41,0.62,0.20,61.88,744.20,19.67,0.66,0.62,0.70,55.56,22.31,64.39,79.24,0.43,0.30,0.57,18.30,77.70,57.80,0.66,0.66,84.12,83.46
E07000213,Spelthorne,0.56,0.59,0.59,0.64,0.53,87.75,60.04,54.87,57.47,35.29,0.59,0.67,0.51,36.50,2.33,51.73,0.60,0.38,0.81,56.29,593.40,42.12,0.46,0.42,0.51,43.59,17.61,39.62,72.95,0.43,0.34,0.53,20.40,74.70,57.30,0.66,0.66,83.94,83.63
E07000240,St Albans,0.62,0.67,0.64,0.68,0.69,88.94,60.85,56.65,58.16,47.56,0.37,0.27,0.47,35.00,1.76,48.44,0.73,0.60,0.87,62.38,718.50,44.12,0.56,0.40,0.72,39.29,18.39,46.64,93.70,0.53,0.50,0.56,29.00,76.00,59.50,0.83,0.83,85.38,86.59
E08000013,St. Helens,0.38,0.40,0.45,0.41,0.33,84.49,50.91,46.98,51.86,28.38,0.42,0.40,0.44,22.90,2.28,45.29,0.54,0.43,0.65,66.59,533.20,35.95,0.36,0.40,0.32,41.67,17.39,18.72,65.30,0.25,0.22,0.28,14.20,59.80,43.50,0.29,0.29,81.02,76.98
E07000197,Stafford,0.49,0.50,0.61,0.42,0.46,88.25,48.26,51.84,53.84,35.81,0.64,0.65,0.63,36.90,2.30,63.16,0.55,0.39,0.71,54.09,625.00,38.29,0.36,0.32,0.41,32.50,17.32,23.60,72.43,0.35,0.35,0.35,21.30,64.70,45.50,0.56,0.56,83.95,80.41
E07000198,Staffordshire Moorlands,0.46,0.47,0.61,0.42,0.36,88.25,48.26,51.84,51.71,31.21,0.64,0.65,0.63,36.90,2.30,63.16,0.52,0.35,0.69,54.09,591.00,37.64,0.46,0.22,0.70,26.79,15.34,43.98,93.04,0.21,0.08,0.35,7.20,64.70,45.50,0.48,0.48,83.18,79.14
E07000243,Stevenage,0.52,0.62,0.64,0.68,0.53,88.94,60.85,56.65,59.79,31.92,0.42,0.27,0.57,35.00,1.76,57.72,0.57,0.47,0.67,62.38,607.80,36.86,0.49,0.43,0.55,46.15,17.26,22.09,90.81,0.51,0.45,0.56,26.50,76.00,59.50,0.53,0.53,82.78,81.41
S12000030,Stirling,0.46,0.48,0.65,0.30,,89.16,47.47,42.56,,,0.31,0.10,0.52,20.10,1.90,52.59,0.44,0.44,,59.24,616.80,,0.48,0.26,0.71,26.09,17.27,68.47,77.03,0.67,0.52,0.83,30.00,95.91,68.83,0.38,0.38,81.92,
E08000007,Stockport,0.49,0.44,0.48,0.34,0.50,85.08,48.16,45.02,55.16,37.26,0.49,0.40,0.57,22.90,2.28,57.96,0.61,0.38,0.84,57.82,577.20,42.93,0.47,0.44,0.50,44.44,18.24,22.26,83.87,0.42,0.42,0.43,24.80,67.60,52.60,0.53,0.53,83.24,80.87
E06000004,Stockton-on-Tees,0.42,0.41,0.58,0.33,0.33,87.48,42.84,51.12,51.75,28.69,0.45,0.31,0.59,28.80,1.98,59.32,0.52,0.29,0.74,58.07,503.20,39.47,0.38,0.32,0.43,41.07,14.06,16.70,79.57,0.41,0.39,0.44,23.20,70.30,50.40,0.37,0.37,81.29,78.80
E06000021,Stoke-on-Trent,0.38,0.41,0.23,0.80,0.21,79.11,60.40,67.37,50.22,20.64,0.61,0.65,0.57,36.90,2.30,57.90,0.37,0.21,0.53,51.15,500.60,31.64,0.39,0.38,0.40,43.18,15.90,18.75,74.73,0.33,0.43,0.23,25.00,57.50,39.40,0.20,0.20,79.71,76.08
E07000221,Stratford-on-Avon,0.57,0.52,0.54,0.52,0.50,86.50,57.59,47.88,54.22,38.42,0.70,0.65,0.75,36.90,2.30,74.50,0.55,0.38,0.71,48.73,666.20,38.44,0.55,0.45,0.64,39.02,21.33,46.20,83.92,0.41,0.34,0.47,20.80,70.90,53.80,0.69,0.69,85.01,82.84
E07000082,Stroud,0.61,0.53,0.62,0.45,0.52,88.50,50.82,50.33,56.07,36.77,0.87,1.00,0.74,48.80,2.51,73.04,0.57,0.39,0.75,59.40,570.70,39.67,0.51,0.37,0.66,39.22,16.99,41.60,90.33,0.57,0.59,0.54,33.60,74.00,59.10,0.60,0.60,83.66,82.24
E08000024,Sunderland,0.35,0.41,0.59,0.42,0.22,87.72,48.15,52.04,48.78,24.46,0.44,0.31,0.57,28.80,1.98,57.48,0.42,0.29,0.55,54.91,527.40,32.48,0.34,0.34,0.34,34.67,17.63,13.40,70.89,0.27,0.25,0.29,16.10,59.80,44.30,0.20,0.20,80.86,74.24
E07000214,Surrey Heath,0.59,0.60,0.59,0.64,0.58,87.75,60.04,54.87,57.19,39.97,0.50,0.67,0.34,36.50,2.33,35.99,0.74,0.58,0.90,56.29,760.70,45.41,0.42,0.42,0.41,42.86,18.02,38.66,61.97,0.49,0.46,0.53,26.60,74.70,57.30,0.77,0.77,85.07,85.23
E09000029,Sutton,0.57,0.55,0.40,0.68,0.57,83.15,61.11,56.02,58.37,37.10,0.55,0.43,0.66,29.70,2.15,66.20,0.73,0.63,0.83,66.96,700.70,42.65,0.43,0.37,0.49,32.73,19.88,27.17,79.82,0.49,0.24,0.74,15.60,85.10,71.20,0.68,0.68,83.97,84.34
E07000113,Swale,0.45,0.45,0.55,0.46,0.33,86.68,51.56,50.35,52.57,27.35,0.58,0.67,0.49,36.50,2.33,49.73,0.57,0.41,0.73,61.93,564.90,38.87,0.36,0.31,0.42,29.79,18.03,19.10,76.46,0.33,0.23,0.43,15.00,68.20,51.90,0.44,0.44,82.43,79.11
W06000011,Swansea,0.43,0.45,0.48,0.59,0.27,85.13,52.58,59.85,48.36,29.16,0.44,0.28,0.60,36.30,1.74,59.88,0.45,0.33,0.56,53.98,573.50,32.86,0.43,0.38,0.47,42.67,16.32,28.04,77.03,0.49,0.45,0.52,26.30,72.54,59.00,0.31,0.31,81.82,76.05
E06000030,Swindon,0.51,0.45,0.51,0.36,0.48,85.80,49.11,45.69,58.21,29.81,0.79,1.00,0.58,48.80,2.51,58.70,0.63,0.46,0.79,67.45,555.60,41.41,0.31,0.28,0.34,28.07,17.65,16.69,69.09,0.31,0.25,0.37,16.00,65.40,47.70,0.58,0.58,83.56,81.87
E08000008,Tameside,0.42,0.51,0.51,0.67,0.34,85.82,61.95,54.37,53.32,26.46,0.55,0.40,0.70,22.90,2.28,69.97,0.48,0.30,0.65,61.40,479.10,36.26,0.41,0.39,0.43,38.60,18.20,20.55,77.03,0.33,0.30,0.37,18.30,65.50,47.80,0.27,0.27,80.14,77.66
E07000199,Tamworth,0.43,0.47,0.61,0.42,0.36,88.25,48.26,51.84,55.27,25.30,0.73,0.65,0.82,36.90,2.30,80.52,0.50,0.27,0.74,54.09,518.90,39.40,0.18,0.15,0.20,20.00,14.73,6.58,58.51,0.26,0.17,0.35,12.00,64.70,45.50,0.43,0.43,82.42,79.08
E07000215,Tandridge,0.60,0.60,0.59,0.64,0.55,87.75,60.04,54.87,55.74,40.22,0.61,0.67,0.56,36.50,2.33,56.56,0.68,0.47,0.89,56.29,667.70,45.11,0.55,0.40,0.70,42.86,16.91,49.81,89.12,0.46,0.40,0.53,23.50,74.70,57.30,0.68,0.68,84.87,82.89
E07000045,Teignbridge,0.50,0.41,0.54,0.33,0.38,86.41,47.32,45.02,51.25,33.46,0.75,1.00,0.51,48.80,2.51,51.61,0.42,0.22,0.63,55.72,467.60,35.20,0.35,0.21,0.50,23.40,15.91,27.98,80.34,0.50,0.60,0.40,34.10,66.70,50.40,0.57,0.57,84.93,79.28
E06000020,Telford and Wrekin,0.45,0.51,0.58,0.60,0.35,87.36,59.62,52.10,53.44,26.94,0.57,0.65,0.49,36.90,2.30,50.37,0.42,0.23,0.61,52.57,501.00,34.81,0.43,0.40,0.46,40.74,17.94,20.65,80.18,0.40,0.42,0.37,24.80,67.10,45.70,0.38,0.38,81.94,78.30
E07000076,Tendring,0.37,0.39,0.53,0.55,0.10,86.26,55.65,52.82,42.64,24.24,0.42,0.27,0.58,35.00,1.76,58.08,0.34,0.17,0.52,48.11,492.20,31.15,0.47,0.35,0.59,33.33,18.65,35.72,85.92,0.35,0.33,0.36,20.20,65.50,46.60,0.24,0.24,82.02,73.72
E07000093,Test Valley,0.57,0.54,0.63,0.47,0.54,88.58,51.89,50.75,57.07,36.61,0.60,0.67,0.53,36.50,2.33,53.51,0.63,0.49,0.78,55.31,690.70,40.75,0.53,0.34,0.72,39.53,15.77,52.88,88.85,0.43,0.47,0.39,27.40,65.50,50.20,0.68,0.68,84.58,83.31
E07000083,Tewkesbury,0.59,0.52,0.62,0.45,0.50,88.50,50.82,50.33,56.06,35.69,0.81,1.00,0.62,48.80,2.51,62.28,0.59,0.43,0.75,59.40,602.60,39.64,0.41,0.32,0.50,39.47,14.63,37.45,73.46,0.50,0.46,0.54,26.90,74.00,59.10,0.72,0.72,85.38,83.05
E07000114,Thanet,0.46,0.42,0.55,0.46,0.24,86.68,51.56,50.35,47.92,27.70,0.65,0.67,0.64,36.50,2.33,63.62,0.46,0.42,0.49,61.93,568.50,30.39,0.58,0.44,0.73,42.86,18.85,57.17,87.22,0.34,0.24,0.43,15.60,68.20,51.90,0.30,0.30,82.12,75.49
E07000102,Three Rivers,0.56,0.64,0.64,0.68,0.61,88.94,60.85,56.65,58.28,40.81,0.46,0.27,0.65,35.00,1.76,64.83,0.73,0.59,0.87,62.38,706.70,44.31,0.34,0.29,0.40,28.21,17.95,30.13,65.92,0.44,0.32,0.56,19.60,76.00,59.50,0.72,0.72,84.31,84.97
E06000034,Thurrock,0.51,0.47,0.36,0.60,0.44,82.19,51.66,62.63,58.14,26.93,0.52,0.67,0.37,36.50,2.33,38.86,0.62,0.39,0.85,54.23,620.10,43.34,0.43,0.41,0.45,32.65,22.05,43.12,62.82,0.45,0.51,0.38,29.30,64.40,50.90,0.56,0.56,82.56,82.83
E07000115,Tonbridge and Malling,0.53,0.51,0.55,0.46,0.51,86.68,51.56,50.35,56.58,35.71,0.61,0.67,0.55,36.50,2.33,55.84,0.66,0.46,0.86,61.93,605.30,43.98,0.36,0.25,0.48,25.00,17.41,23.56,80.47,0.37,0.31,0.43,19.20,68.20,51.90,0.69,0.69,84.41,83.75
E06000027,Torbay,0.43,0.35,0.41,0.43,0.22,83.51,49.04,51.61,47.23,26.52,0.72,1.00,0.44,48.80,2.51,45.47,0.37,0.21,0.53,52.70,482.40,31.74,0.37,0.38,0.37,38.89,17.58,25.74,66.24,0.45,0.44,0.47,25.80,68.10,57.00,0.32,0.32,82.46,75.32
W06000020,Torfaen,0.43,0.55,0.78,0.58,0.30,92.13,55.35,55.66,50.66,27.65,0.46,0.28,0.64,36.30,1.74,64.39,0.47,0.30,0.63,51.88,570.60,35.24,0.43,0.42,0.44,42.50,18.20,21.42,77.93,0.42,0.41,0.44,24.10,68.69,52.48,0.25,0.25,81.34,75.02
E07000046,Torridge,0.50,0.37,0.54,0.33,0.25,86.41,47.32,45.02,48.55,27.16,0.81,1.00,0.62,48.80,2.51,62.34,0.37,0.26,0.49,55.72,500.20,30.06,0.47,0.23,0.70,27.78,15.19,55.76,85.09,0.52,0.65,0.40,36.40,66.70,50.40,0.43,0.43,83.19,77.76
E09000030,Tower Hamlets,0.44,0.57,0.44,0.77,0.50,84.05,57.66,68.19,54.89,36.95,0.45,0.43,0.46,29.70,2.15,47.55,0.33,0.58,0.08,54.69,771.20,14.97,0.40,0.30,0.51,26.67,18.98,19.25,87.18,0.32,0.13,0.52,9.50,74.40,56.20,0.57,0.57,83.29,81.87
E08000009,Trafford,0.56,0.49,0.60,0.32,0.56,87.99,47.52,44.01,56.27,39.82,0.51,0.40,0.63,22.90,2.28,62.70,0.67,0.52,0.83,66.15,612.10,42.85,0.57,0.44,0.69,44.44,18.53,42.75,93.55,0.50,0.33,0.66,20.10,80.00,67.30,0.63,0.63,83.79,82.97
E07000116,Tunbridge Wells,0.54,0.51,0.55,0.46,0.54,86.68,51.56,50.35,55.62,39.11,0.72,0.67,0.77,36.50,2.33,76.35,0.60,0.47,0.73,61.93,614.20,39.19,0.42,0.30,0.54,31.25,17.25,54.42,65.88,0.34,0.25,0.43,15.70,68.20,51.90,0.68,0.68,84.51,83.27
E07000077,Uttlesford,0.51,0.55,0.53,0.55,0.56,86.26,55.65,52.82,57.00,38.64,0.26,0.27,0.26,35.00,1.76,28.45,0.65,0.43,0.87,48.11,708.70,44.03,0.40,0.23,0.57,20.51,18.15,32.69,84.95,0.39,0.42,0.36,24.50,65.50,46.60,0.79,0.79,85.35,85.50
W06000014,Vale of Glamorgan,0.52,0.52,0.41,0.71,0.45,83.39,64.66,54.50,52.68,36.50,0.43,0.28,0.58,36.30,1.74,58.48,0.58,0.40,0.75,58.72,582.60,39.96,0.61,0.54,0.67,51.85,20.29,61.84,76.93,0.52,0.40,0.65,23.70,78.49,67.37,0.49,0.49,83.27,79.29
E07000180,Vale of White Horse,0.57,0.58,0.57,0.54,0.64,87.26,53.90,54.37,58.85,42.16,0.59,0.67,0.51,36.50,2.33,51.82,0.61,0.49,0.74,61.40,635.80,39.39,0.45,0.44,0.45,47.37,17.11,23.78,77.19,0.43,0.41,0.45,24.20,68.80,54.50,0.76,0.76,85.27,84.46
E08000036,Wakefield,0.41,0.36,0.41,0.32,0.35,83.55,43.43,49.58,53.64,26.76,0.46,0.35,0.57,38.50,1.79,57.87,0.48,0.29,0.67,58.57,497.10,37.01,0.41,0.41,0.40,47.62,15.65,35.59,62.78,0.39,0.36,0.42,21.80,67.90,51.30,0.34,0.34,81.40,77.76
E08000030,Walsall,0.41,0.44,0.64,0.49,0.19,88.94,54.62,48.86,48.06,22.62,0.58,0.65,0.50,36.90,2.30,50.91,0.37,0.17,0.56,47.08,508.20,32.85,0.42,0.42,0.43,40.00,19.01,32.09,68.43,0.32,0.35,0.29,21.20,60.30,44.10,0.34,0.34,81.71,77.27
E09000031,Waltham Forest,0.52,0.51,0.25,0.74,0.55,79.62,54.91,69.72,58.90,35.06,0.45,0.43,0.47,29.70,2.15,48.46,0.63,0.73,0.53,73.01,728.80,31.75,0.51,0.57,0.45,53.33,20.80,25.46,75.76,0.31,0.16,0.46,11.20,70.80,52.60,0.68,0.68,84.48,83.43
E09000032,Wandsworth,0.60,0.57,0.15,0.65,0.90,77.33,53.99,63.18,66.48,51.18,0.41,0.43,0.39,29.70,2.15,40.36,0.55,0.70,0.40,57.40,851.80,27.04,0.71,0.62,0.80,51.72,24.02,56.78,97.03,0.57,0.58,0.55,33.10,75.00,59.80,0.79,0.79,84.31,87.21
E06000007,Warrington,0.47,0.52,0.47,0.61,0.49,84.97,54.52,58.94,56.78,33.43,0.31,0.40,0.23,22.90,2.28,25.23,0.59,0.40,0.78,62.08,557.20,41.03,0.47,0.38,0.56,41.38,16.56,37.84,79.95,0.41,0.34,0.48,20.50,72.70,52.80,0.52,0.52,82.33,81.87
E07000222,Warwick,0.55,0.53,0.54,0.52,0.54,86.50,57.59,47.88,55.22,39.95,0.65,0.65,0.65,36.90,2.30,65.33,0.54,0.37,0.72,48.73,654.50,38.65,0.46,0.25,0.67,27.27,16.41,35.81,95.60,0.48,0.50,0.47,28.70,70.90,53.80,0.63,0.63,84.22,82.25
E07000103,Watford,0.54,0.64,0.64,0.68,0.60,88.94,60.85,56.65,60.58,35.69,0.50,0.27,0.74,35.00,1.76,73.19,0.56,0.46,0.67,62.38,598.90,36.95,0.46,0.40,0.52,38.89,18.95,23.07,85.54,0.45,0.34,0.56,20.70,76.00,59.50,0.62,0.62,82.69,84.55
E07000216,Waverley,0.57,0.59,0.59,0.64,0.52,87.75,60.04,54.87,53.31,42.10,0.58,0.67,0.49,36.50,2.33,49.57,0.61,0.40,0.82,56.29,611.40,42.53,0.43,0.32,0.53,32.00,17.59,39.07,76.45,0.44,0.35,0.53,21.00,74.70,57.30,0.75,0.75,85.54,83.99
E07000065,Wealden,0.50,0.33,0.19,0.43,0.39,78.31,50.71,48.89,50.98,34.38,0.62,0.67,0.57,36.50,2.33,57.10,0.58,0.40,0.76,57.75,597.10,40.02,0.46,0.26,0.65,28.89,16.22,62.42,74.69,0.36,0.38,0.35,22.50,64.80,46.20,0.64,0.64,85.04,81.33
E07000241,Welwyn Hatfield,0.48,0.59,0.64,0.68,0.45,88.94,60.85,56.65,55.18,32.75,0.38,0.27,0.50,35.00,1.76,50.98,0.57,0.50,0.63,62.38,635.90,35.48,0.46,0.36,0.56,35.42,18.19,39.02,79.55,0.32,0.07,0.56,6.60,76.00,59.50,0.55,0.55,83.84,80.22
E06000037,West Berkshire,0.53,0.54,0.52,0.51,0.58,86.17,51.54,55.02,58.48,37.74,0.61,0.67,0.55,36.50,2.33,55.30,0.55,0.33,0.76,54.05,574.90,40.26,0.38,0.23,0.52,25.58,16.33,21.59,86.81,0.37,0.26,0.47,16.50,71.00,54.10,0.72,0.72,85.18,83.60
E07000047,West Devon,0.51,0.40,0.54,0.33,0.34,86.41,47.32,45.02,49.23,33.65,0.87,1.00,0.74,48.80,2.51,73.27,0.39,0.28,0.50,55.72,515.50,30.55,0.51,0.34,0.67,35.48,17.51,43.11,89.74,0.39,0.38,0.40,22.40,66.70,50.40,0.52,0.52,83.93,79.17
S12000039,West Dunbartonshire,0.34,0.48,0.55,0.41,,86.69,49.11,49.22,,,0.16,0.10,0.21,20.10,1.90,23.66,0.39,0.39,,65.07,518.60,,0.48,0.40,0.56,40.91,18.03,63.05,62.91,0.48,0.25,0.71,15.80,92.03,58.29,0.06,0.06,78.83,
E07000127,West Lancashire,0.44,0.46,0.49,0.56,0.33,85.43,52.57,57.80,50.54,30.29,0.43,0.40,0.46,22.90,2.28,47.55,0.49,0.26,0.71,54.96,505.60,38.43,0.51,0.45,0.57,42.22,19.80,35.44,83.87,0.39,0.40,0.39,23.50,67.00,48.50,0.36,0.36,82.57,76.50
E07000142,West Lindsey,0.41,0.40,0.45,0.44,0.31,84.34,48.43,53.30,49.30,30.54,0.50,0.36,0.64,37.70,1.83,63.63,0.42,0.21,0.63,48.88,517.10,35.39,0.32,0.34,0.30,36.11,17.10,19.37,62.37,0.37,0.36,0.38,21.60,65.00,50.30,0.47,0.47,83.44,78.52
S12000040,West Lothian,0.44,0.68,0.89,0.47,,94.85,49.28,54.40,,,0.38,0.10,0.65,20.10,1.90,64.91,0.43,0.43,,59.76,598.70,,0.40,0.44,0.36,48.48,16.83,15.52,71.64,0.55,0.42,0.69,24.60,87.55,61.41,0.23,0.23,80.47,
E06000062,West Northamptonshire,0.47,0.53,0.70,0.39,0.52,90.25,48.49,48.62,58.84,31.97,0.44,0.40,0.48,22.90,2.28,49.53,0.56,0.35,0.77,60.77,523.20,40.60,0.43,0.37,0.49,36.56,18.19,34.47,74.38,0.29,0.20,0.38,13.40,66.10,48.50,0.57,0.57,82.77,82.65
E07000181,West Oxfordshire,0.50,0.56,0.57,0.54,0.57,87.26,53.90,54.37,57.73,38.17,0.48,0.36,0.60,37.70,1.83,60.22,0.54,0.40,0.68,61.40,562.90,37.08,0.37,0.25,0.49,26.53,16.55,40.59,70.60,0.33,0.20,0.45,13.20,68.80,54.50,0.72,0.72,85.16,83.68
E07000245,West Suffolk,0.47,0.59,0.68,0.65,0.44,89.95,59.00,56.40,55.64,31.20,0.42,0.27,0.58,35.00,1.76,58.04,0.43,0.28,0.58,51.52,552.90,33.45,0.42,0.42,0.41,42.19,18.54,18.97,75.46,0.34,0.34,0.33,20.40,63.40,45.60,0.62,0.62,84.27,81.73
E09000033,Westminster,0.46,0.31,0.08,0.35,0.51,75.69,39.47,57.36,52.63,41.69,0.35,0.43,0.27,29.70,2.15,29.03,0.36,0.72,0.00,61.01,833.50,12.17,0.42,0.44,0.40,48.15,16.82,24.67,69.83,0.50,0.31,0.68,19.10,83.40,65.40,0.80,0.80,87.08,82.97
E08000010,Wigan,0.42,0.48,0.40,0.66,0.38,83.10,58.53,58.22,54.53,28.03,0.43,0.40,0.47,22.90,2.28,47.84,0.43,0.15,0.72,45.44,499.80,38.62,0.52,0.44,0.60,44.00,18.54,35.76,87.04,0.28,0.25,0.32,16.00,62.80,44.20,0.36,0.36,81.21,78.73
E06000054,Wiltshire,0.54,0.44,0.41,0.43,0.48,83.55,48.45,52.21,55.49,34.72,0.81,1.00,0.63,48.80,2.51,62.68,0.54,0.43,0.65,60.71,592.30,36.26,0.40,0.23,0.58,25.51,16.10,40.23,80.92,0.39,0.38,0.41,22.50,67.90,49.90,0.62,0.62,84.51,81.51
E07000094,Winchester,0.55,0.54,0.63,0.47,0.51,88.58,51.89,50.75,53.40,41.03,0.56,0.67,0.44,36.50,2.33,45.69,0.54,0.40,0.68,55.31,621.00,37.05,0.51,0.33,0.69,35.56,16.76,44.46,91.35,0.47,0.54,0.39,31.10,65.50,50.20,0.72,0.72,85.74,82.61
E06000040,Windsor and Maidenhead,0.56,0.42,0.29,0.36,0.61,80.51,48.96,45.89,57.12,42.57,0.52,0.67,0.36,36.50,2.33,38.04,0.68,0.62,0.74,69.44,670.80,39.41,0.51,0.40,0.61,39.02,18.81,40.87,84.57,0.47,0.42,0.53,24.50,72.90,59.30,0.76,0.76,84.73,85.59
E08000015,Wirral,0.44,0.47,0.57,0.48,0.35,87.12,51.69,52.46,50.62,31.65,0.46,0.40,0.52,22.90,2.28,53.25,0.50,0.33,0.66,55.16,561.40,36.55,0.50,0.42,0.58,40.91,18.86,30.75,87.61,0.37,0.35,0.38,21.20,66.10,48.80,0.34,0.34,81.60,77.53
E07000217,Woking,0.62,0.62,0.59,0.64,0.61,87.75,60.04,54.87,58.50,40.53,0.66,0.67,0.66,36.50,2.33,65.97,0.65,0.51,0.80,56.29,701.60,41.48,0.39,0.24,0.55,23.33,17.30,46.11,73.86,0.65,0.76,0.53,42.30,74.70,57.30,0.72,0.72,84.13,85.33
E06000041,Wokingham,0.62,0.52,0.47,0.42,0.66,84.91,47.72,51.90,59.08,43.61,0.68,0.67,0.70,36.50,2.33,69.65,0.74,0.49,1.00,57.81,668.70,48.99,0.52,0.34,0.69,37.04,16.85,38.73,95.69,0.46,0.28,0.64,17.70,77.40,68.40,0.82,0.82,85.49,86.06
E08000031,Wolverhampton,0.40,0.37,0.65,0.24,0.22,89.18,45.99,39.77,49.49,22.68,0.60,0.65,0.54,36.90,2.30,54.66,0.38,0.26,0.51,52.22,533.40,30.81,0.44,0.58,0.30,45.00,25.08,28.82,54.84,0.30,0.23,0.36,14.80,65.30,46.90,0.31,0.31,81.29,76.95
E07000237,Worcester,0.48,0.46,,,0.46,,,,56.72,31.07,0.60,0.65,0.54,36.90,2.30,54.72,0.44,0.25,0.63,,536.40,35.49,0.48,0.40,0.56,37.14,19.54,37.32,80.72,0.41,0.44,0.39,25.60,66.10,49.10,0.48,0.48,82.53,80.17
E07000229,Worthing,0.50,0.47,0.33,0.63,0.45,81.54,57.73,56.63,54.48,33.91,0.63,0.67,0.58,36.50,2.33,58.86,0.56,0.40,0.72,60.58,572.00,38.53,0.55,0.48,0.62,51.35,17.54,35.73,88.89,0.33,0.25,0.41,15.80,67.00,51.00,0.48,0.48,83.04,79.39
W06000006,Wrexham,0.37,0.40,0.56,0.29,0.35,86.91,45.86,43.71,53.18,27.91,0.29,0.28,0.29,36.30,1.74,31.19,0.41,0.25,0.58,47.45,568.50,33.36,0.34,0.28,0.41,28.57,17.08,11.57,81.09,0.41,0.36,0.46,21.50,68.53,55.88,0.35,0.35,81.33,78.14
E07000238,Wychavon,0.52,0.43,,,0.43,,,,53.61,33.75,0.71,0.65,0.77,36.90,2.30,76.11,0.46,0.25,0.67,,539.40,36.88,0.53,0.56,0.51,39.53,26.22,22.06,85.41,0.38,0.38,0.39,22.80,66.10,49.10,0.62,0.62,84.51,81.52
E07000128,Wyre,0.47,0.44,0.49,0.56,0.28,85.43,52.57,57.80,47.87,30.52,0.71,0.65,0.76,36.90,2.30,75.54,0.47,0.29,0.64,54.96,528.30,35.82,0.49,0.43,0.55,50.00,15.34,28.21,85.71,0.37,0.34,0.39,20.60,67.00,48.50,0.33,0.33,82.27,75.97
E07000239,Wyre Forest,0.41,0.30,,,0.30,,,,50.44,28.36,0.62,0.65,0.59,36.90,2.30,59.40,0.44,0.26,0.62,,544.00,34.89,0.43,0.62,0.24,24.24,35.47,20.34,53.73,0.25,0.12,0.39,9.30,66.10,49.10,0.43,0.43,82.97,77.99
E06000014,York,0.47,0.42,0.25,0.62,0.40,79.60,55.04,59.03,52.76,32.77,0.47,0.35,0.59,38.50,1.79,59.65,0.54,0.49,0.60,67.80,571.50,34.28,0.50,0.35,0.65,38.30,16.40,40.20,89.43,0.41,0.34,0.49,20.40,73.30,53.00,0.46,0.46,83.62,77.86